Indicator name,Proportion of population below the international poverty line (SDG 1.1.1 ),,,,,
Data host,World Bank DataBank,,,,,
Date of last update of database,9/20/2020,,,,,
Export date,2021-03-13 21:42:04 (UTC+00:00),,,,,
Download,"Downloaded from WHO MNCAH Data Portal, https://www.who.int/data/mncah",,,,,
,,,,,,
Year,WHO Region,World Bank Income Group,Country ISO Code,Country,Global,Value
1996,Europe,Upper middle income,ALB,Albania,,1.1
2002,Europe,Upper middle income,ALB,Albania,,2
2005,Europe,Upper middle income,ALB,Albania,,1.1
2008,Europe,Upper middle income,ALB,Albania,,0.4
2012,Europe,Upper middle income,ALB,Albania,,1.1
2014,Europe,Upper middle income,ALB,Albania,,1.9
2015,Europe,Upper middle income,ALB,Albania,,1.3
2016,Europe,Upper middle income,ALB,Albania,,1.1
2017,Europe,Upper middle income,ALB,Albania,,1.7
1988,Africa,Upper middle income,DZA,Algeria,,6.4
1995,Africa,Upper middle income,DZA,Algeria,,5.8
2011,Africa,Upper middle income,DZA,Algeria,,0.5
2000,Africa,Lower middle income,AGO,Angola,,32.3
2008,Africa,Lower middle income,AGO,Angola,,30.1
2018,Africa,Lower middle income,AGO,Angola,,47.6
1980,Americas,High income,ARG,Argentina,,0.4
1986,Americas,High income,ARG,Argentina,,0
1987,Americas,High income,ARG,Argentina,,0
1991,Americas,High income,ARG,Argentina,,1.1
1992,Americas,High income,ARG,Argentina,,2.1
1993,Americas,High income,ARG,Argentina,,2.4
1994,Americas,High income,ARG,Argentina,,2.3
1995,Americas,High income,ARG,Argentina,,4.1
1996,Americas,High income,ARG,Argentina,,4.6
1997,Americas,High income,ARG,Argentina,,4.1
1998,Americas,High income,ARG,Argentina,,4.6
1999,Americas,High income,ARG,Argentina,,4.8
2000,Americas,High income,ARG,Argentina,,5.7
2001,Americas,High income,ARG,Argentina,,9.4
2002,Americas,High income,ARG,Argentina,,14
2003,Americas,High income,ARG,Argentina,,6.8
2004,Americas,High income,ARG,Argentina,,5.2
2005,Americas,High income,ARG,Argentina,,3.7
2006,Americas,High income,ARG,Argentina,,3.2
2007,Americas,High income,ARG,Argentina,,2.6
2008,Americas,High income,ARG,Argentina,,2.6
2009,Americas,High income,ARG,Argentina,,2.5
2010,Americas,High income,ARG,Argentina,,2.2
2011,Americas,High income,ARG,Argentina,,0.9
2012,Americas,High income,ARG,Argentina,,0.8
2013,Americas,High income,ARG,Argentina,,0.7
2014,Americas,High income,ARG,Argentina,,0.7
2016,Americas,High income,ARG,Argentina,,0.7
2017,Americas,High income,ARG,Argentina,,0.5
2018,Americas,High income,ARG,Argentina,,1
1999,Europe,Upper middle income,ARM,Armenia,,16.9
2001,Europe,Upper middle income,ARM,Armenia,,19.3
2002,Europe,Upper middle income,ARM,Armenia,,15.1
2003,Europe,Upper middle income,ARM,Armenia,,11.4
2004,Europe,Upper middle income,ARM,Armenia,,7.9
2005,Europe,Upper middle income,ARM,Armenia,,4.5
2006,Europe,Upper middle income,ARM,Armenia,,3.2
2007,Europe,Upper middle income,ARM,Armenia,,2.8
2008,Europe,Upper middle income,ARM,Armenia,,1.4
2009,Europe,Upper middle income,ARM,Armenia,,1.9
2010,Europe,Upper middle income,ARM,Armenia,,1.9
2011,Europe,Upper middle income,ARM,Armenia,,2.2
2012,Europe,Upper middle income,ARM,Armenia,,1.6
2013,Europe,Upper middle income,ARM,Armenia,,2.2
2014,Europe,Upper middle income,ARM,Armenia,,2.3
2015,Europe,Upper middle income,ARM,Armenia,,1.9
2016,Europe,Upper middle income,ARM,Armenia,,1.8
2017,Europe,Upper middle income,ARM,Armenia,,1.4
2018,Europe,Upper middle income,ARM,Armenia,,2.1
1981,Western Pacific,High income,AUS,Australia,,1
1985,Western Pacific,High income,AUS,Australia,,1
1989,Western Pacific,High income,AUS,Australia,,0.7
1995,Western Pacific,High income,AUS,Australia,,1
2001,Western Pacific,High income,AUS,Australia,,0.7
2003,Western Pacific,High income,AUS,Australia,,1
2004,Western Pacific,High income,AUS,Australia,,0.5
2008,Western Pacific,High income,AUS,Australia,,0.4
2010,Western Pacific,High income,AUS,Australia,,0.3
2014,Western Pacific,High income,AUS,Australia,,0.5
1987,Europe,High income,AUT,Austria,,0
1994,Europe,High income,AUT,Austria,,0.2
1995,Europe,High income,AUT,Austria,,1
1997,Europe,High income,AUT,Austria,,0.2
2000,Europe,High income,AUT,Austria,,0.2
2003,Europe,High income,AUT,Austria,,0.3
2004,Europe,High income,AUT,Austria,,0.1
2005,Europe,High income,AUT,Austria,,0.2
2006,Europe,High income,AUT,Austria,,0.1
2007,Europe,High income,AUT,Austria,,0.4
2008,Europe,High income,AUT,Austria,,0.5
2009,Europe,High income,AUT,Austria,,0.7
2010,Europe,High income,AUT,Austria,,0.5
2011,Europe,High income,AUT,Austria,,0.4
2012,Europe,High income,AUT,Austria,,0.6
2013,Europe,High income,AUT,Austria,,0.3
2014,Europe,High income,AUT,Austria,,0.2
2015,Europe,High income,AUT,Austria,,0.7
2016,Europe,High income,AUT,Austria,,0.7
2017,Europe,High income,AUT,Austria,,0.3
1995,Europe,Upper middle income,AZE,Azerbaijan,,7.3
2001,Europe,Upper middle income,AZE,Azerbaijan,,2.7
2002,Europe,Upper middle income,AZE,Azerbaijan,,0
2003,Europe,Upper middle income,AZE,Azerbaijan,,0
2004,Europe,Upper middle income,AZE,Azerbaijan,,0
2005,Europe,Upper middle income,AZE,Azerbaijan,,0
1983,South-East Asia,Lower middle income,BGD,Bangladesh,,29.9
1985,South-East Asia,Lower middle income,BGD,Bangladesh,,25.4
1988,South-East Asia,Lower middle income,BGD,Bangladesh,,37.8
1991,South-East Asia,Lower middle income,BGD,Bangladesh,,44.2
1995,South-East Asia,Lower middle income,BGD,Bangladesh,,35.7
2000,South-East Asia,Lower middle income,BGD,Bangladesh,,34.8
2005,South-East Asia,Lower middle income,BGD,Bangladesh,,25.7
2010,South-East Asia,Lower middle income,BGD,Bangladesh,,19.6
2016,South-East Asia,Lower middle income,BGD,Bangladesh,,14.8
1998,Europe,Upper middle income,BLR,Belarus,,11.6
1999,Europe,Upper middle income,BLR,Belarus,,10.5
2000,Europe,Upper middle income,BLR,Belarus,,7.1
2001,Europe,Upper middle income,BLR,Belarus,,3.2
2002,Europe,Upper middle income,BLR,Belarus,,2.1
2003,Europe,Upper middle income,BLR,Belarus,,1.4
2004,Europe,Upper middle income,BLR,Belarus,,0.3
2005,Europe,Upper middle income,BLR,Belarus,,0.4
2006,Europe,Upper middle income,BLR,Belarus,,0.1
2007,Europe,Upper middle income,BLR,Belarus,,0.1
2008,Europe,Upper middle income,BLR,Belarus,,0
2009,Europe,Upper middle income,BLR,Belarus,,0
2010,Europe,Upper middle income,BLR,Belarus,,0
2011,Europe,Upper middle income,BLR,Belarus,,0
2012,Europe,Upper middle income,BLR,Belarus,,0
2013,Europe,Upper middle income,BLR,Belarus,,0
2014,Europe,Upper middle income,BLR,Belarus,,0
2015,Europe,Upper middle income,BLR,Belarus,,0
2016,Europe,Upper middle income,BLR,Belarus,,0
2017,Europe,Upper middle income,BLR,Belarus,,0
2018,Europe,Upper middle income,BLR,Belarus,,0
1985,Europe,High income,BEL,Belgium,,0.2
1988,Europe,High income,BEL,Belgium,,0.5
1992,Europe,High income,BEL,Belgium,,1
1995,Europe,High income,BEL,Belgium,,0.4
1997,Europe,High income,BEL,Belgium,,0.5
2000,Europe,High income,BEL,Belgium,,0.3
2003,Europe,High income,BEL,Belgium,,0.3
2004,Europe,High income,BEL,Belgium,,0.1
2005,Europe,High income,BEL,Belgium,,0.2
2006,Europe,High income,BEL,Belgium,,0.2
2007,Europe,High income,BEL,Belgium,,0.2
2008,Europe,High income,BEL,Belgium,,0.1
2009,Europe,High income,BEL,Belgium,,0.1
2010,Europe,High income,BEL,Belgium,,0.1
2011,Europe,High income,BEL,Belgium,,0.2
2012,Europe,High income,BEL,Belgium,,0.2
2013,Europe,High income,BEL,Belgium,,0.1
2014,Europe,High income,BEL,Belgium,,0.1
2015,Europe,High income,BEL,Belgium,,0.1
2016,Europe,High income,BEL,Belgium,,0.1
2017,Europe,High income,BEL,Belgium,,0.1
1993,Americas,Upper middle income,BLZ,Belize,,10.1
1994,Americas,Upper middle income,BLZ,Belize,,9.9
1996,Americas,Upper middle income,BLZ,Belize,,13.3
1997,Americas,Upper middle income,BLZ,Belize,,16
1998,Americas,Upper middle income,BLZ,Belize,,14.4
1999,Americas,Upper middle income,BLZ,Belize,,13.9
2003,Africa,Low income,BEN,Benin,,48.8
2011,Africa,Low income,BEN,Benin,,53.1
2015,Africa,Low income,BEN,Benin,,49.5
2003,South-East Asia,Lower middle income,BTN,Bhutan,,17.6
2007,South-East Asia,Lower middle income,BTN,Bhutan,,8
2012,South-East Asia,Lower middle income,BTN,Bhutan,,2.2
2017,South-East Asia,Lower middle income,BTN,Bhutan,,1.5
1990,Americas,Lower middle income,BOL,Bolivia (Plurinational State of),,7.1
1992,Americas,Lower middle income,BOL,Bolivia (Plurinational State of),,15.2
1997,Americas,Lower middle income,BOL,Bolivia (Plurinational State of),,19.3
1999,Americas,Lower middle income,BOL,Bolivia (Plurinational State of),,25.3
2000,Americas,Lower middle income,BOL,Bolivia (Plurinational State of),,28.6
2001,Americas,Lower middle income,BOL,Bolivia (Plurinational State of),,22.8
2002,Americas,Lower middle income,BOL,Bolivia (Plurinational State of),,24.7
2004,Americas,Lower middle income,BOL,Bolivia (Plurinational State of),,13.7
2005,Americas,Lower middle income,BOL,Bolivia (Plurinational State of),,19.2
2006,Americas,Lower middle income,BOL,Bolivia (Plurinational State of),,16.4
2007,Americas,Lower middle income,BOL,Bolivia (Plurinational State of),,12.4
2008,Americas,Lower middle income,BOL,Bolivia (Plurinational State of),,11
2009,Americas,Lower middle income,BOL,Bolivia (Plurinational State of),,10.4
2011,Americas,Lower middle income,BOL,Bolivia (Plurinational State of),,7.3
2012,Americas,Lower middle income,BOL,Bolivia (Plurinational State of),,8.2
2013,Americas,Lower middle income,BOL,Bolivia (Plurinational State of),,6.9
2014,Americas,Lower middle income,BOL,Bolivia (Plurinational State of),,5.8
2015,Americas,Lower middle income,BOL,Bolivia (Plurinational State of),,6.4
2016,Americas,Lower middle income,BOL,Bolivia (Plurinational State of),,7.1
2017,Americas,Lower middle income,BOL,Bolivia (Plurinational State of),,5.8
2018,Americas,Lower middle income,BOL,Bolivia (Plurinational State of),,4.5
2001,Europe,Upper middle income,BIH,Bosnia and Herzegovina,,0.3
2004,Europe,Upper middle income,BIH,Bosnia and Herzegovina,,0.2
2007,Europe,Upper middle income,BIH,Bosnia and Herzegovina,,0.1
2011,Europe,Upper middle income,BIH,Bosnia and Herzegovina,,0.1
1985,Africa,Upper middle income,BWA,Botswana,,42.6
1993,Africa,Upper middle income,BWA,Botswana,,34.8
2002,Africa,Upper middle income,BWA,Botswana,,29.8
2009,Africa,Upper middle income,BWA,Botswana,,18.2
2015,Africa,Upper middle income,BWA,Botswana,,16.1
1981,Americas,Upper middle income,BRA,Brazil,,21.4
1982,Americas,Upper middle income,BRA,Brazil,,21.7
1983,Americas,Upper middle income,BRA,Brazil,,27.7
1984,Americas,Upper middle income,BRA,Brazil,,26.9
1985,Americas,Upper middle income,BRA,Brazil,,23.1
1986,Americas,Upper middle income,BRA,Brazil,,10.5
1987,Americas,Upper middle income,BRA,Brazil,,17.8
1988,Americas,Upper middle income,BRA,Brazil,,20.1
1989,Americas,Upper middle income,BRA,Brazil,,18.3
1990,Americas,Upper middle income,BRA,Brazil,,21.6
1992,Americas,Upper middle income,BRA,Brazil,,20.9
1993,Americas,Upper middle income,BRA,Brazil,,19.9
1995,Americas,Upper middle income,BRA,Brazil,,13
1996,Americas,Upper middle income,BRA,Brazil,,14.2
1997,Americas,Upper middle income,BRA,Brazil,,14
1998,Americas,Upper middle income,BRA,Brazil,,12.7
1999,Americas,Upper middle income,BRA,Brazil,,13.4
2001,Americas,Upper middle income,BRA,Brazil,,11.6
2002,Americas,Upper middle income,BRA,Brazil,,10.3
2003,Americas,Upper middle income,BRA,Brazil,,11.1
2004,Americas,Upper middle income,BRA,Brazil,,9.7
2005,Americas,Upper middle income,BRA,Brazil,,8.6
2006,Americas,Upper middle income,BRA,Brazil,,7.2
2007,Americas,Upper middle income,BRA,Brazil,,6.8
2008,Americas,Upper middle income,BRA,Brazil,,5.6
2009,Americas,Upper middle income,BRA,Brazil,,5.4
2011,Americas,Upper middle income,BRA,Brazil,,4.7
2012,Americas,Upper middle income,BRA,Brazil,,3.8
2013,Americas,Upper middle income,BRA,Brazil,,3.1
2014,Americas,Upper middle income,BRA,Brazil,,2.7
2015,Americas,Upper middle income,BRA,Brazil,,3.2
2016,Americas,Upper middle income,BRA,Brazil,,3.9
2017,Americas,Upper middle income,BRA,Brazil,,4.4
2018,Americas,Upper middle income,BRA,Brazil,,4.4
1992,Europe,Upper middle income,BGR,Bulgaria,,0
2006,Europe,Upper middle income,BGR,Bulgaria,,5.4
2007,Europe,Upper middle income,BGR,Bulgaria,,1.6
2008,Europe,Upper middle income,BGR,Bulgaria,,1.2
2009,Europe,Upper middle income,BGR,Bulgaria,,1.1
2010,Europe,Upper middle income,BGR,Bulgaria,,1.9
2011,Europe,Upper middle income,BGR,Bulgaria,,2.2
2012,Europe,Upper middle income,BGR,Bulgaria,,2
2013,Europe,Upper middle income,BGR,Bulgaria,,1.8
2014,Europe,Upper middle income,BGR,Bulgaria,,1.5
2015,Europe,Upper middle income,BGR,Bulgaria,,3
2016,Europe,Upper middle income,BGR,Bulgaria,,1.8
2017,Europe,Upper middle income,BGR,Bulgaria,,1.3
1994,Africa,Low income,BFA,Burkina Faso,,83.1
1998,Africa,Low income,BFA,Burkina Faso,,81.6
2003,Africa,Low income,BFA,Burkina Faso,,57.3
2009,Africa,Low income,BFA,Burkina Faso,,55.3
2014,Africa,Low income,BFA,Burkina Faso,,43.7
1992,Africa,Low income,BDI,Burundi,,81.1
1998,Africa,Low income,BDI,Burundi,,84.1
2006,Africa,Low income,BDI,Burundi,,77.7
2013,Africa,Low income,BDI,Burundi,,71.8
2001,Africa,Lower middle income,CPV,Cabo Verde,,16.2
2007,Africa,Lower middle income,CPV,Cabo Verde,,8.1
2015,Africa,Lower middle income,CPV,Cabo Verde,,3.2
1996,Africa,Lower middle income,CMR,Cameroon,,48.1
2001,Africa,Lower middle income,CMR,Cameroon,,23.1
2007,Africa,Lower middle income,CMR,Cameroon,,29.3
2014,Africa,Lower middle income,CMR,Cameroon,,23.8
1975,Americas,High income,CAN,Canada,,1
1981,Americas,High income,CAN,Canada,,0.5
1987,Americas,High income,CAN,Canada,,0.2
1991,Americas,High income,CAN,Canada,,0.2
1994,Americas,High income,CAN,Canada,,0.2
1997,Americas,High income,CAN,Canada,,0.5
1998,Americas,High income,CAN,Canada,,0.5
2000,Americas,High income,CAN,Canada,,0.2
2004,Americas,High income,CAN,Canada,,0.2
2007,Americas,High income,CAN,Canada,,0.2
2010,Americas,High income,CAN,Canada,,0.2
2013,Americas,High income,CAN,Canada,,0.5
1992,Africa,Low income,CAF,Central African Republic,,84.3
2003,Africa,Low income,CAF,Central African Republic,,64.8
2008,Africa,Low income,CAF,Central African Republic,,66.3
2003,Africa,Low income,TCD,Chad,,62.9
2011,Africa,Low income,TCD,Chad,,38.4
1987,Americas,High income,CHL,Chile,,11.7
1990,Americas,High income,CHL,Chile,,8.1
1992,Americas,High income,CHL,Chile,,4.7
1994,Americas,High income,CHL,Chile,,5
1996,Americas,High income,CHL,Chile,,3.4
1998,Americas,High income,CHL,Chile,,3.6
2000,Americas,High income,CHL,Chile,,4.4
2003,Americas,High income,CHL,Chile,,4.2
2006,Americas,High income,CHL,Chile,,1.5
2009,Americas,High income,CHL,Chile,,1.3
2011,Americas,High income,CHL,Chile,,0.6
2013,Americas,High income,CHL,Chile,,0.4
2015,Americas,High income,CHL,Chile,,0.3
2017,Americas,High income,CHL,Chile,,0.3
1990,Western Pacific,Upper middle income,CHN,China,,66.2
1993,Western Pacific,Upper middle income,CHN,China,,56.6
1996,Western Pacific,Upper middle income,CHN,China,,41.7
1999,Western Pacific,Upper middle income,CHN,China,,40.2
2002,Western Pacific,Upper middle income,CHN,China,,31.7
2005,Western Pacific,Upper middle income,CHN,China,,18.5
2008,Western Pacific,Upper middle income,CHN,China,,14.8
2010,Western Pacific,Upper middle income,CHN,China,,11.2
2011,Western Pacific,Upper middle income,CHN,China,,7.9
2012,Western Pacific,Upper middle income,CHN,China,,6.5
2013,Western Pacific,Upper middle income,CHN,China,,1.9
2014,Western Pacific,Upper middle income,CHN,China,,1.4
2015,Western Pacific,Upper middle income,CHN,China,,0.7
2016,Western Pacific,Upper middle income,CHN,China,,0.5
1992,Americas,Upper middle income,COL,Colombia,,8.9
1996,Americas,Upper middle income,COL,Colombia,,16.5
1999,Americas,Upper middle income,COL,Colombia,,20.1
2000,Americas,Upper middle income,COL,Colombia,,16.4
2001,Americas,Upper middle income,COL,Colombia,,19.7
2002,Americas,Upper middle income,COL,Colombia,,14.3
2003,Americas,Upper middle income,COL,Colombia,,12
2004,Americas,Upper middle income,COL,Colombia,,10.9
2005,Americas,Upper middle income,COL,Colombia,,9.7
2008,Americas,Upper middle income,COL,Colombia,,10.4
2009,Americas,Upper middle income,COL,Colombia,,8.9
2010,Americas,Upper middle income,COL,Colombia,,7.7
2011,Americas,Upper middle income,COL,Colombia,,6.3
2012,Americas,Upper middle income,COL,Colombia,,6.2
2013,Americas,Upper middle income,COL,Colombia,,5.7
2014,Americas,Upper middle income,COL,Colombia,,5
2015,Americas,Upper middle income,COL,Colombia,,4.5
2016,Americas,Upper middle income,COL,Colombia,,4.5
2017,Americas,Upper middle income,COL,Colombia,,3.9
2018,Americas,Upper middle income,COL,Colombia,,4.1
2004,Africa,Low income,COM,Comoros,,13.5
2013,Africa,Low income,COM,Comoros,,17.9
2014,Africa,Low income,COM,Comoros,,17.6
2005,Africa,Lower middle income,COG,Congo,,53.4
2011,Africa,Lower middle income,COG,Congo,,37
1981,Americas,Upper middle income,CRI,Costa Rica,,24.7
1986,Americas,Upper middle income,CRI,Costa Rica,,13.2
1989,Americas,Upper middle income,CRI,Costa Rica,,12
1990,Americas,Upper middle income,CRI,Costa Rica,,9.9
1991,Americas,Upper middle income,CRI,Costa Rica,,11.7
1992,Americas,Upper middle income,CRI,Costa Rica,,9.6
1993,Americas,Upper middle income,CRI,Costa Rica,,8
1994,Americas,Upper middle income,CRI,Costa Rica,,6.6
1995,Americas,Upper middle income,CRI,Costa Rica,,6.9
1996,Americas,Upper middle income,CRI,Costa Rica,,8
1997,Americas,Upper middle income,CRI,Costa Rica,,6.5
1998,Americas,Upper middle income,CRI,Costa Rica,,5.1
1999,Americas,Upper middle income,CRI,Costa Rica,,6.4
2000,Americas,Upper middle income,CRI,Costa Rica,,6.5
2001,Americas,Upper middle income,CRI,Costa Rica,,4.7
2002,Americas,Upper middle income,CRI,Costa Rica,,4.5
2003,Americas,Upper middle income,CRI,Costa Rica,,4.4
2004,Americas,Upper middle income,CRI,Costa Rica,,4.3
2005,Americas,Upper middle income,CRI,Costa Rica,,3.1
2006,Americas,Upper middle income,CRI,Costa Rica,,3.2
2007,Americas,Upper middle income,CRI,Costa Rica,,1.7
2008,Americas,Upper middle income,CRI,Costa Rica,,2.2
2009,Americas,Upper middle income,CRI,Costa Rica,,2.4
2010,Americas,Upper middle income,CRI,Costa Rica,,1.5
2011,Americas,Upper middle income,CRI,Costa Rica,,1.6
2012,Americas,Upper middle income,CRI,Costa Rica,,1.6
2013,Americas,Upper middle income,CRI,Costa Rica,,1.6
2014,Americas,Upper middle income,CRI,Costa Rica,,1.4
2015,Americas,Upper middle income,CRI,Costa Rica,,1.5
2016,Americas,Upper middle income,CRI,Costa Rica,,1.3
2017,Americas,Upper middle income,CRI,Costa Rica,,1
2018,Americas,Upper middle income,CRI,Costa Rica,,1.4
1985,Africa,Lower middle income,CIV,Côte d'Ivoire,,6.8
1986,Africa,Lower middle income,CIV,Côte d'Ivoire,,3.1
1987,Africa,Lower middle income,CIV,Côte d'Ivoire,,6.8
1988,Africa,Lower middle income,CIV,Côte d'Ivoire,,10.7
1992,Africa,Lower middle income,CIV,Côte d'Ivoire,,22.4
1995,Africa,Lower middle income,CIV,Côte d'Ivoire,,19.6
1998,Africa,Lower middle income,CIV,Côte d'Ivoire,,25.8
2002,Africa,Lower middle income,CIV,Côte d'Ivoire,,23.2
2008,Africa,Lower middle income,CIV,Côte d'Ivoire,,29.1
2015,Africa,Lower middle income,CIV,Côte d'Ivoire,,28.2
1988,Europe,High income,HRV,Croatia,,0
2009,Europe,High income,HRV,Croatia,,0.9
2010,Europe,High income,HRV,Croatia,,1.2
2011,Europe,High income,HRV,Croatia,,0.7
2012,Europe,High income,HRV,Croatia,,0.9
2013,Europe,High income,HRV,Croatia,,0.7
2014,Europe,High income,HRV,Croatia,,1
2015,Europe,High income,HRV,Croatia,,0.6
2016,Europe,High income,HRV,Croatia,,0.6
2017,Europe,High income,HRV,Croatia,,0.5
2004,Europe,High income,CYP,Cyprus,,0.1
2005,Europe,High income,CYP,Cyprus,,0
2006,Europe,High income,CYP,Cyprus,,0
2007,Europe,High income,CYP,Cyprus,,0
2008,Europe,High income,CYP,Cyprus,,0
2009,Europe,High income,CYP,Cyprus,,0.1
2010,Europe,High income,CYP,Cyprus,,0
2011,Europe,High income,CYP,Cyprus,,0
2012,Europe,High income,CYP,Cyprus,,0
2013,Europe,High income,CYP,Cyprus,,0
2014,Europe,High income,CYP,Cyprus,,0.1
2015,Europe,High income,CYP,Cyprus,,0
2016,Europe,High income,CYP,Cyprus,,0
2017,Europe,High income,CYP,Cyprus,,0
1992,Europe,High income,CZE,Czechia,,0
1993,Europe,High income,CZE,Czechia,,0
1996,Europe,High income,CZE,Czechia,,0
2002,Europe,High income,CZE,Czechia,,0
2004,Europe,High income,CZE,Czechia,,0
2005,Europe,High income,CZE,Czechia,,0
2006,Europe,High income,CZE,Czechia,,0.1
2007,Europe,High income,CZE,Czechia,,0.1
2008,Europe,High income,CZE,Czechia,,0
2009,Europe,High income,CZE,Czechia,,0
2010,Europe,High income,CZE,Czechia,,0
2011,Europe,High income,CZE,Czechia,,0
2012,Europe,High income,CZE,Czechia,,0
2013,Europe,High income,CZE,Czechia,,0
2014,Europe,High income,CZE,Czechia,,0
2015,Europe,High income,CZE,Czechia,,0
2016,Europe,High income,CZE,Czechia,,0
2017,Europe,High income,CZE,Czechia,,0
2004,Africa,Low income,COD,Democratic Republic of the Congo,,94.1
2012,Africa,Low income,COD,Democratic Republic of the Congo,,76.6
1987,Europe,High income,DNK,Denmark,,0.5
1992,Europe,High income,DNK,Denmark,,0.5
1995,Europe,High income,DNK,Denmark,,0
2000,Europe,High income,DNK,Denmark,,0
2003,Europe,High income,DNK,Denmark,,0.3
2004,Europe,High income,DNK,Denmark,,0.3
2005,Europe,High income,DNK,Denmark,,0.3
2006,Europe,High income,DNK,Denmark,,0.2
2007,Europe,High income,DNK,Denmark,,0
2008,Europe,High income,DNK,Denmark,,0.1
2009,Europe,High income,DNK,Denmark,,0.5
2010,Europe,High income,DNK,Denmark,,0.1
2011,Europe,High income,DNK,Denmark,,0
2012,Europe,High income,DNK,Denmark,,0
2013,Europe,High income,DNK,Denmark,,0.3
2014,Europe,High income,DNK,Denmark,,0.2
2015,Europe,High income,DNK,Denmark,,0.2
2016,Europe,High income,DNK,Denmark,,0.3
2017,Europe,High income,DNK,Denmark,,0.1
2002,Eastern Mediterranean,Lower middle income,DJI,Djibouti,,20.6
2012,Eastern Mediterranean,Lower middle income,DJI,Djibouti,,18.3
2013,Eastern Mediterranean,Lower middle income,DJI,Djibouti,,22.7
2017,Eastern Mediterranean,Lower middle income,DJI,Djibouti,,17.1
1986,Americas,Upper middle income,DOM,Dominican Republic,,5.2
1989,Americas,Upper middle income,DOM,Dominican Republic,,13.4
1992,Americas,Upper middle income,DOM,Dominican Republic,,5.3
1996,Americas,Upper middle income,DOM,Dominican Republic,,4.9
1997,Americas,Upper middle income,DOM,Dominican Republic,,5.2
2000,Americas,Upper middle income,DOM,Dominican Republic,,5.5
2001,Americas,Upper middle income,DOM,Dominican Republic,,3.9
2002,Americas,Upper middle income,DOM,Dominican Republic,,5.6
2003,Americas,Upper middle income,DOM,Dominican Republic,,6.6
2004,Americas,Upper middle income,DOM,Dominican Republic,,8.5
2005,Americas,Upper middle income,DOM,Dominican Republic,,5.6
2006,Americas,Upper middle income,DOM,Dominican Republic,,4.3
2007,Americas,Upper middle income,DOM,Dominican Republic,,4.3
2008,Americas,Upper middle income,DOM,Dominican Republic,,3.7
2009,Americas,Upper middle income,DOM,Dominican Republic,,3.1
2010,Americas,Upper middle income,DOM,Dominican Republic,,2.5
2011,Americas,Upper middle income,DOM,Dominican Republic,,2.9
2012,Americas,Upper middle income,DOM,Dominican Republic,,2.6
2013,Americas,Upper middle income,DOM,Dominican Republic,,2.2
2014,Americas,Upper middle income,DOM,Dominican Republic,,2.1
2015,Americas,Upper middle income,DOM,Dominican Republic,,1.8
2016,Americas,Upper middle income,DOM,Dominican Republic,,1.6
2017,Americas,Upper middle income,DOM,Dominican Republic,,0.7
2018,Americas,Upper middle income,DOM,Dominican Republic,,0.4
1987,Americas,Upper middle income,ECU,Ecuador,,17.6
1994,Americas,Upper middle income,ECU,Ecuador,,17.3
1998,Americas,Upper middle income,ECU,Ecuador,,15.7
1999,Americas,Upper middle income,ECU,Ecuador,,21.8
2000,Americas,Upper middle income,ECU,Ecuador,,28.2
2003,Americas,Upper middle income,ECU,Ecuador,,14.5
2004,Americas,Upper middle income,ECU,Ecuador,,15
2005,Americas,Upper middle income,ECU,Ecuador,,11.9
2006,Americas,Upper middle income,ECU,Ecuador,,8.1
2007,Americas,Upper middle income,ECU,Ecuador,,8.5
2008,Americas,Upper middle income,ECU,Ecuador,,7.5
2009,Americas,Upper middle income,ECU,Ecuador,,7.2
2010,Americas,Upper middle income,ECU,Ecuador,,5.6
2011,Americas,Upper middle income,ECU,Ecuador,,4.7
2012,Americas,Upper middle income,ECU,Ecuador,,4.5
2013,Americas,Upper middle income,ECU,Ecuador,,3.2
2014,Americas,Upper middle income,ECU,Ecuador,,2.6
2015,Americas,Upper middle income,ECU,Ecuador,,3.4
2016,Americas,Upper middle income,ECU,Ecuador,,3.6
2017,Americas,Upper middle income,ECU,Ecuador,,3.2
2018,Americas,Upper middle income,ECU,Ecuador,,3.3
1990,Eastern Mediterranean,Lower middle income,EGY,Egypt,,7.4
1995,Eastern Mediterranean,Lower middle income,EGY,Egypt,,4.6
1999,Eastern Mediterranean,Lower middle income,EGY,Egypt,,2
2004,Eastern Mediterranean,Lower middle income,EGY,Egypt,,4.4
2008,Eastern Mediterranean,Lower middle income,EGY,Egypt,,3.9
2010,Eastern Mediterranean,Lower middle income,EGY,Egypt,,1.7
2012,Eastern Mediterranean,Lower middle income,EGY,Egypt,,1.3
2015,Eastern Mediterranean,Lower middle income,EGY,Egypt,,1.3
2017,Eastern Mediterranean,Lower middle income,EGY,Egypt,,3.2
1989,Americas,Lower middle income,SLV,El Salvador,,18
1991,Americas,Lower middle income,SLV,El Salvador,,20.6
1995,Americas,Lower middle income,SLV,El Salvador,,12.5
1996,Americas,Lower middle income,SLV,El Salvador,,14.1
1998,Americas,Lower middle income,SLV,El Salvador,,20
1999,Americas,Lower middle income,SLV,El Salvador,,16.3
2000,Americas,Lower middle income,SLV,El Salvador,,12.2
2001,Americas,Lower middle income,SLV,El Salvador,,13.5
2002,Americas,Lower middle income,SLV,El Salvador,,14
2003,Americas,Lower middle income,SLV,El Salvador,,14.8
2004,Americas,Lower middle income,SLV,El Salvador,,10.9
2005,Americas,Lower middle income,SLV,El Salvador,,10.4
2006,Americas,Lower middle income,SLV,El Salvador,,6.9
2007,Americas,Lower middle income,SLV,El Salvador,,4.5
2008,Americas,Lower middle income,SLV,El Salvador,,6.7
2009,Americas,Lower middle income,SLV,El Salvador,,6.6
2010,Americas,Lower middle income,SLV,El Salvador,,5.5
2011,Americas,Lower middle income,SLV,El Salvador,,4.5
2012,Americas,Lower middle income,SLV,El Salvador,,4.1
2013,Americas,Lower middle income,SLV,El Salvador,,3.2
2014,Americas,Lower middle income,SLV,El Salvador,,3
2015,Americas,Lower middle income,SLV,El Salvador,,1.9
2016,Americas,Lower middle income,SLV,El Salvador,,2.2
2017,Americas,Lower middle income,SLV,El Salvador,,1.9
2018,Americas,Lower middle income,SLV,El Salvador,,1.5
1993,Europe,High income,EST,Estonia,,1.3
2003,Europe,High income,EST,Estonia,,2.5
2004,Europe,High income,EST,Estonia,,1.1
2005,Europe,High income,EST,Estonia,,0.8
2006,Europe,High income,EST,Estonia,,0.8
2007,Europe,High income,EST,Estonia,,0.4
2008,Europe,High income,EST,Estonia,,0.4
2009,Europe,High income,EST,Estonia,,0.6
2010,Europe,High income,EST,Estonia,,0.8
2011,Europe,High income,EST,Estonia,,1
2012,Europe,High income,EST,Estonia,,0.7
2013,Europe,High income,EST,Estonia,,0.9
2014,Europe,High income,EST,Estonia,,0.8
2015,Europe,High income,EST,Estonia,,0.6
2016,Europe,High income,EST,Estonia,,0.5
2017,Europe,High income,EST,Estonia,,0.3
1994,Africa,Lower middle income,SWZ,Eswatini,,81.7
2000,Africa,Lower middle income,SWZ,Eswatini,,48.4
2009,Africa,Lower middle income,SWZ,Eswatini,,42
2016,Africa,Lower middle income,SWZ,Eswatini,,28.4
1995,Africa,Low income,ETH,Ethiopia,,71.1
1999,Africa,Low income,ETH,Ethiopia,,61.2
2004,Africa,Low income,ETH,Ethiopia,,37.2
2010,Africa,Low income,ETH,Ethiopia,,33.5
2015,Africa,Low income,ETH,Ethiopia,,30.8
2002,Western Pacific,Upper middle income,FJI,Fiji,,4.9
2008,Western Pacific,Upper middle income,FJI,Fiji,,3.5
2013,Western Pacific,Upper middle income,FJI,Fiji,,1.4
1987,Europe,High income,FIN,Finland,,0
1991,Europe,High income,FIN,Finland,,0
1995,Europe,High income,FIN,Finland,,0
2000,Europe,High income,FIN,Finland,,0
2003,Europe,High income,FIN,Finland,,0
2004,Europe,High income,FIN,Finland,,0
2005,Europe,High income,FIN,Finland,,0.1
2006,Europe,High income,FIN,Finland,,0.1
2007,Europe,High income,FIN,Finland,,0.1
2008,Europe,High income,FIN,Finland,,0.1
2009,Europe,High income,FIN,Finland,,0.1
2010,Europe,High income,FIN,Finland,,0
2011,Europe,High income,FIN,Finland,,0
2012,Europe,High income,FIN,Finland,,0.1
2013,Europe,High income,FIN,Finland,,0.1
2014,Europe,High income,FIN,Finland,,0.1
2015,Europe,High income,FIN,Finland,,0.1
2016,Europe,High income,FIN,Finland,,0
2017,Europe,High income,FIN,Finland,,0.1
1978,Europe,High income,FRA,France,,1
1984,Europe,High income,FRA,France,,1.5
1989,Europe,High income,FRA,France,,1
1994,Europe,High income,FRA,France,,0
2000,Europe,High income,FRA,France,,0
2003,Europe,High income,FRA,France,,0.2
2004,Europe,High income,FRA,France,,0
2005,Europe,High income,FRA,France,,0
2006,Europe,High income,FRA,France,,0
2007,Europe,High income,FRA,France,,0
2008,Europe,High income,FRA,France,,0
2009,Europe,High income,FRA,France,,0
2010,Europe,High income,FRA,France,,0.1
2011,Europe,High income,FRA,France,,0
2012,Europe,High income,FRA,France,,0.1
2013,Europe,High income,FRA,France,,0.1
2014,Europe,High income,FRA,France,,0
2015,Europe,High income,FRA,France,,0.1
2016,Europe,High income,FRA,France,,0.1
2017,Europe,High income,FRA,France,,0
2005,Africa,Upper middle income,GAB,Gabon,,8
2017,Africa,Upper middle income,GAB,Gabon,,3.4
1998,Africa,Low income,GMB,Gambia,,70.5
2003,Africa,Low income,GMB,Gambia,,45.3
2010,Africa,Low income,GMB,Gambia,,25.1
2015,Africa,Low income,GMB,Gambia,,10.1
1996,Europe,Lower middle income,GEO,Georgia,,5.5
1997,Europe,Lower middle income,GEO,Georgia,,16.3
1998,Europe,Lower middle income,GEO,Georgia,,14.6
1999,Europe,Lower middle income,GEO,Georgia,,18.7
2000,Europe,Lower middle income,GEO,Georgia,,19.4
2001,Europe,Lower middle income,GEO,Georgia,,19.4
2002,Europe,Lower middle income,GEO,Georgia,,10.5
2003,Europe,Lower middle income,GEO,Georgia,,10.7
2004,Europe,Lower middle income,GEO,Georgia,,10.1
2005,Europe,Lower middle income,GEO,Georgia,,10.9
2006,Europe,Lower middle income,GEO,Georgia,,10.5
2007,Europe,Lower middle income,GEO,Georgia,,11.8
2008,Europe,Lower middle income,GEO,Georgia,,10.4
2009,Europe,Lower middle income,GEO,Georgia,,10.3
2010,Europe,Lower middle income,GEO,Georgia,,12.2
2011,Europe,Lower middle income,GEO,Georgia,,11.3
2012,Europe,Lower middle income,GEO,Georgia,,8.6
2013,Europe,Lower middle income,GEO,Georgia,,6.6
2014,Europe,Lower middle income,GEO,Georgia,,5
2015,Europe,Lower middle income,GEO,Georgia,,3.8
2016,Europe,Lower middle income,GEO,Georgia,,3.9
2017,Europe,Lower middle income,GEO,Georgia,,5
2018,Europe,Lower middle income,GEO,Georgia,,4.5
1991,Europe,High income,DEU,Germany,,0
1994,Europe,High income,DEU,Germany,,0.2
1995,Europe,High income,DEU,Germany,,0.2
1998,Europe,High income,DEU,Germany,,0
2000,Europe,High income,DEU,Germany,,0
2001,Europe,High income,DEU,Germany,,0
2002,Europe,High income,DEU,Germany,,0
2003,Europe,High income,DEU,Germany,,0
2004,Europe,High income,DEU,Germany,,0
2005,Europe,High income,DEU,Germany,,0
2006,Europe,High income,DEU,Germany,,0
2007,Europe,High income,DEU,Germany,,0
2008,Europe,High income,DEU,Germany,,0.2
2009,Europe,High income,DEU,Germany,,0
2010,Europe,High income,DEU,Germany,,0
2011,Europe,High income,DEU,Germany,,0
2013,Europe,High income,DEU,Germany,,0
2015,Europe,High income,DEU,Germany,,0
2016,Europe,High income,DEU,Germany,,0
1987,Africa,Lower middle income,GHA,Ghana,,42.6
1988,Africa,Lower middle income,GHA,Ghana,,42.3
1991,Africa,Lower middle income,GHA,Ghana,,49.8
1998,Africa,Lower middle income,GHA,Ghana,,35.7
2005,Africa,Lower middle income,GHA,Ghana,,24.5
2012,Africa,Lower middle income,GHA,Ghana,,12
2016,Africa,Lower middle income,GHA,Ghana,,13.3
1995,Europe,High income,GRC,Greece,,1.7
2000,Europe,High income,GRC,Greece,,0.5
2003,Europe,High income,GRC,Greece,,0.5
2004,Europe,High income,GRC,Greece,,0.6
2005,Europe,High income,GRC,Greece,,0.3
2006,Europe,High income,GRC,Greece,,0.6
2007,Europe,High income,GRC,Greece,,0.5
2008,Europe,High income,GRC,Greece,,0.3
2009,Europe,High income,GRC,Greece,,0.6
2010,Europe,High income,GRC,Greece,,1
2011,Europe,High income,GRC,Greece,,1.2
2012,Europe,High income,GRC,Greece,,1.5
2013,Europe,High income,GRC,Greece,,1
2014,Europe,High income,GRC,Greece,,1.5
2015,Europe,High income,GRC,Greece,,1.4
2016,Europe,High income,GRC,Greece,,1
2017,Europe,High income,GRC,Greece,,0.9
1986,Americas,Upper middle income,GTM,Guatemala,,48.6
1989,Americas,Upper middle income,GTM,Guatemala,,36.1
1998,Americas,Upper middle income,GTM,Guatemala,,13.4
2000,Americas,Upper middle income,GTM,Guatemala,,9.2
2006,Americas,Upper middle income,GTM,Guatemala,,11.1
2014,Americas,Upper middle income,GTM,Guatemala,,8.7
1991,Africa,Low income,GIN,Guinea,,91.6
1994,Africa,Low income,GIN,Guinea,,49.3
2002,Africa,Low income,GIN,Guinea,,62.2
2007,Africa,Low income,GIN,Guinea,,59.7
2012,Africa,Low income,GIN,Guinea,,35.3
1991,Africa,Low income,GNB,Guinea-Bissau,,43
1993,Africa,Low income,GNB,Guinea-Bissau,,64
2002,Africa,Low income,GNB,Guinea-Bissau,,53.9
2010,Africa,Low income,GNB,Guinea-Bissau,,67.1
1992,Americas,Upper middle income,GUY,Guyana,,33.1
1998,Americas,Upper middle income,GUY,Guyana,,13.7
2012,Americas,Low income,HTI,Haiti,,24.2
1989,Americas,Lower middle income,HND,Honduras,,42.2
1990,Americas,Lower middle income,HND,Honduras,,44.3
1991,Americas,Lower middle income,HND,Honduras,,33.4
1992,Americas,Lower middle income,HND,Honduras,,28.7
1993,Americas,Lower middle income,HND,Honduras,,23.6
1994,Americas,Lower middle income,HND,Honduras,,26.7
1995,Americas,Lower middle income,HND,Honduras,,27.7
1996,Americas,Lower middle income,HND,Honduras,,30.4
1997,Americas,Lower middle income,HND,Honduras,,21.2
1998,Americas,Lower middle income,HND,Honduras,,25.9
1999,Americas,Lower middle income,HND,Honduras,,26.5
2001,Americas,Lower middle income,HND,Honduras,,21.3
2002,Americas,Lower middle income,HND,Honduras,,23.4
2003,Americas,Lower middle income,HND,Honduras,,28.1
2004,Americas,Lower middle income,HND,Honduras,,27.2
2005,Americas,Lower middle income,HND,Honduras,,26.5
2006,Americas,Lower middle income,HND,Honduras,,22.5
2007,Americas,Lower middle income,HND,Honduras,,17.2
2008,Americas,Lower middle income,HND,Honduras,,16.5
2009,Americas,Lower middle income,HND,Honduras,,13.8
2010,Americas,Lower middle income,HND,Honduras,,15
2011,Americas,Lower middle income,HND,Honduras,,17.1
2012,Americas,Lower middle income,HND,Honduras,,19.6
2013,Americas,Lower middle income,HND,Honduras,,17.3
2014,Americas,Lower middle income,HND,Honduras,,15.9
2015,Americas,Lower middle income,HND,Honduras,,16.2
2016,Americas,Lower middle income,HND,Honduras,,18
2017,Americas,Lower middle income,HND,Honduras,,17.2
2018,Americas,Lower middle income,HND,Honduras,,16.5
1987,Europe,High income,HUN,Hungary,,0.1
1989,Europe,High income,HUN,Hungary,,0.1
1991,Europe,High income,HUN,Hungary,,1.4
1993,Europe,High income,HUN,Hungary,,0.2
1994,Europe,High income,HUN,Hungary,,0.9
1999,Europe,High income,HUN,Hungary,,0.2
2004,Europe,High income,HUN,Hungary,,0.1
2005,Europe,High income,HUN,Hungary,,0.7
2006,Europe,High income,HUN,Hungary,,0.1
2007,Europe,High income,HUN,Hungary,,0.1
2008,Europe,High income,HUN,Hungary,,0
2009,Europe,High income,HUN,Hungary,,0.1
2010,Europe,High income,HUN,Hungary,,0.1
2011,Europe,High income,HUN,Hungary,,0.1
2012,Europe,High income,HUN,Hungary,,0.3
2013,Europe,High income,HUN,Hungary,,0.1
2014,Europe,High income,HUN,Hungary,,0.6
2015,Europe,High income,HUN,Hungary,,0.6
2016,Europe,High income,HUN,Hungary,,1.3
2017,Europe,High income,HUN,Hungary,,0.6
2003,Europe,High income,ISL,Iceland,,0
2004,Europe,High income,ISL,Iceland,,0.2
2005,Europe,High income,ISL,Iceland,,0
2006,Europe,High income,ISL,Iceland,,0.1
2007,Europe,High income,ISL,Iceland,,0
2008,Europe,High income,ISL,Iceland,,0.1
2009,Europe,High income,ISL,Iceland,,0.1
2010,Europe,High income,ISL,Iceland,,0.1
2011,Europe,High income,ISL,Iceland,,0.1
2012,Europe,High income,ISL,Iceland,,0
2013,Europe,High income,ISL,Iceland,,0
2014,Europe,High income,ISL,Iceland,,0
2015,Europe,High income,ISL,Iceland,,0
1977,South-East Asia,Lower middle income,IND,India,,61.6
1983,South-East Asia,Lower middle income,IND,India,,54.8
1987,South-East Asia,Lower middle income,IND,India,,48.9
1993,South-East Asia,Lower middle income,IND,India,,45.9
2004,South-East Asia,Lower middle income,IND,India,,38.2
2009,South-East Asia,Lower middle income,IND,India,,31.1
2011,South-East Asia,Lower middle income,IND,India,,21.2
1984,South-East Asia,Lower middle income,IDN,Indonesia,,71.4
1987,South-East Asia,Lower middle income,IDN,Indonesia,,71.4
1990,South-East Asia,Lower middle income,IDN,Indonesia,,58.8
1993,South-East Asia,Lower middle income,IDN,Indonesia,,58.5
1996,South-East Asia,Lower middle income,IDN,Indonesia,,47.4
1998,South-East Asia,Lower middle income,IDN,Indonesia,,66.7
1999,South-East Asia,Lower middle income,IDN,Indonesia,,41.7
2000,South-East Asia,Lower middle income,IDN,Indonesia,,39.3
2001,South-East Asia,Lower middle income,IDN,Indonesia,,35.5
2002,South-East Asia,Lower middle income,IDN,Indonesia,,22.8
2003,South-East Asia,Lower middle income,IDN,Indonesia,,22.6
2004,South-East Asia,Lower middle income,IDN,Indonesia,,23.9
2005,South-East Asia,Lower middle income,IDN,Indonesia,,21.1
2006,South-East Asia,Lower middle income,IDN,Indonesia,,27.4
2007,South-East Asia,Lower middle income,IDN,Indonesia,,22.4
2008,South-East Asia,Lower middle income,IDN,Indonesia,,21.8
2009,South-East Asia,Lower middle income,IDN,Indonesia,,18.2
2010,South-East Asia,Lower middle income,IDN,Indonesia,,15.7
2011,South-East Asia,Lower middle income,IDN,Indonesia,,13.3
2012,South-East Asia,Lower middle income,IDN,Indonesia,,11.6
2013,South-East Asia,Lower middle income,IDN,Indonesia,,9.4
2014,South-East Asia,Lower middle income,IDN,Indonesia,,7.9
2015,South-East Asia,Lower middle income,IDN,Indonesia,,7.2
2016,South-East Asia,Lower middle income,IDN,Indonesia,,6.5
2017,South-East Asia,Lower middle income,IDN,Indonesia,,5.7
2018,South-East Asia,Lower middle income,IDN,Indonesia,,4.6
1986,Eastern Mediterranean,Upper middle income,IRN,Iran (Islamic Republic of),,6.8
1990,Eastern Mediterranean,Upper middle income,IRN,Iran (Islamic Republic of),,5.6
1994,Eastern Mediterranean,Upper middle income,IRN,Iran (Islamic Republic of),,3.2
1998,Eastern Mediterranean,Upper middle income,IRN,Iran (Islamic Republic of),,2.6
2005,Eastern Mediterranean,Upper middle income,IRN,Iran (Islamic Republic of),,0.4
2006,Eastern Mediterranean,Upper middle income,IRN,Iran (Islamic Republic of),,0.4
2009,Eastern Mediterranean,Upper middle income,IRN,Iran (Islamic Republic of),,1
2013,Eastern Mediterranean,Upper middle income,IRN,Iran (Islamic Republic of),,0.1
2014,Eastern Mediterranean,Upper middle income,IRN,Iran (Islamic Republic of),,0.2
2015,Eastern Mediterranean,Upper middle income,IRN,Iran (Islamic Republic of),,0.3
2016,Eastern Mediterranean,Upper middle income,IRN,Iran (Islamic Republic of),,0.3
2017,Eastern Mediterranean,Upper middle income,IRN,Iran (Islamic Republic of),,0.3
2006,Eastern Mediterranean,Upper middle income,IRQ,Iraq,,2.1
2012,Eastern Mediterranean,Upper middle income,IRQ,Iraq,,2.5
1987,Europe,High income,IRL,Ireland,,0.7
1994,Europe,High income,IRL,Ireland,,0.2
1995,Europe,High income,IRL,Ireland,,0.2
1996,Europe,High income,IRL,Ireland,,0.2
2000,Europe,High income,IRL,Ireland,,0.2
2003,Europe,High income,IRL,Ireland,,0.1
2004,Europe,High income,IRL,Ireland,,0
2005,Europe,High income,IRL,Ireland,,0
2006,Europe,High income,IRL,Ireland,,0.4
2007,Europe,High income,IRL,Ireland,,0.1
2008,Europe,High income,IRL,Ireland,,0.2
2009,Europe,High income,IRL,Ireland,,0.4
2010,Europe,High income,IRL,Ireland,,0.5
2011,Europe,High income,IRL,Ireland,,0.5
2012,Europe,High income,IRL,Ireland,,0.2
2013,Europe,High income,IRL,Ireland,,0.7
2014,Europe,High income,IRL,Ireland,,0.4
2015,Europe,High income,IRL,Ireland,,0.3
2016,Europe,High income,IRL,Ireland,,0.1
1979,Europe,High income,ISR,Israel,,0
1986,Europe,High income,ISR,Israel,,0.2
1992,Europe,High income,ISR,Israel,,0.2
1997,Europe,High income,ISR,Israel,,0.2
2001,Europe,High income,ISR,Israel,,0.2
2005,Europe,High income,ISR,Israel,,0.5
2007,Europe,High income,ISR,Israel,,0.5
2010,Europe,High income,ISR,Israel,,0.2
2012,Europe,High income,ISR,Israel,,0.5
2014,Europe,High income,ISR,Israel,,0.5
2016,Europe,High income,ISR,Israel,,0.2
1986,Europe,High income,ITA,Italy,,0.2
1987,Europe,High income,ITA,Italy,,1.2
1989,Europe,High income,ITA,Italy,,0
1991,Europe,High income,ITA,Italy,,0.2
1993,Europe,High income,ITA,Italy,,1.2
1995,Europe,High income,ITA,Italy,,0.7
1998,Europe,High income,ITA,Italy,,1.7
2000,Europe,High income,ITA,Italy,,1.2
2003,Europe,High income,ITA,Italy,,0.8
2004,Europe,High income,ITA,Italy,,0.6
2005,Europe,High income,ITA,Italy,,0.7
2006,Europe,High income,ITA,Italy,,0.7
2007,Europe,High income,ITA,Italy,,0.7
2008,Europe,High income,ITA,Italy,,0.7
2009,Europe,High income,ITA,Italy,,0.9
2010,Europe,High income,ITA,Italy,,1.3
2011,Europe,High income,ITA,Italy,,1.2
2012,Europe,High income,ITA,Italy,,1.2
2013,Europe,High income,ITA,Italy,,1.4
2014,Europe,High income,ITA,Italy,,1.2
2015,Europe,High income,ITA,Italy,,2
2016,Europe,High income,ITA,Italy,,1.6
2017,Europe,High income,ITA,Italy,,1.4
1988,Americas,Upper middle income,JAM,Jamaica,,6.2
1990,Americas,Upper middle income,JAM,Jamaica,,4.6
1993,Americas,Upper middle income,JAM,Jamaica,,9.9
1996,Americas,Upper middle income,JAM,Jamaica,,3.4
1999,Americas,Upper middle income,JAM,Jamaica,,2.6
2002,Americas,Upper middle income,JAM,Jamaica,,2.8
2004,Americas,Upper middle income,JAM,Jamaica,,1.7
2008,Western Pacific,High income,JPN,Japan,,0.5
2010,Western Pacific,High income,JPN,Japan,,0
2013,Western Pacific,High income,JPN,Japan,,0.7
1986,Eastern Mediterranean,Upper middle income,JOR,Jordan,,0
1992,Eastern Mediterranean,Upper middle income,JOR,Jordan,,2.9
1997,Eastern Mediterranean,Upper middle income,JOR,Jordan,,1.6
2002,Eastern Mediterranean,Upper middle income,JOR,Jordan,,1.1
2006,Eastern Mediterranean,Upper middle income,JOR,Jordan,,0.3
2008,Eastern Mediterranean,Upper middle income,JOR,Jordan,,0.1
2010,Eastern Mediterranean,Upper middle income,JOR,Jordan,,0.1
1996,Europe,Upper middle income,KAZ,Kazakhstan,,6.3
2001,Europe,Upper middle income,KAZ,Kazakhstan,,10.3
2002,Europe,Upper middle income,KAZ,Kazakhstan,,6.8
2003,Europe,Upper middle income,KAZ,Kazakhstan,,4.6
2004,Europe,Upper middle income,KAZ,Kazakhstan,,2.3
2005,Europe,Upper middle income,KAZ,Kazakhstan,,6.9
2006,Europe,Upper middle income,KAZ,Kazakhstan,,0.6
2007,Europe,Upper middle income,KAZ,Kazakhstan,,0.3
2008,Europe,Upper middle income,KAZ,Kazakhstan,,0.1
2009,Europe,Upper middle income,KAZ,Kazakhstan,,0.2
2010,Europe,Upper middle income,KAZ,Kazakhstan,,0.1
2011,Europe,Upper middle income,KAZ,Kazakhstan,,0
2012,Europe,Upper middle income,KAZ,Kazakhstan,,0
2013,Europe,Upper middle income,KAZ,Kazakhstan,,0
2014,Europe,Upper middle income,KAZ,Kazakhstan,,0
2015,Europe,Upper middle income,KAZ,Kazakhstan,,0
2016,Europe,Upper middle income,KAZ,Kazakhstan,,0
2017,Europe,Upper middle income,KAZ,Kazakhstan,,0
1992,Africa,Lower middle income,KEN,Kenya,,31.4
1994,Africa,Lower middle income,KEN,Kenya,,31.5
1997,Africa,Lower middle income,KEN,Kenya,,31.9
2005,Africa,Lower middle income,KEN,Kenya,,43.7
2015,Africa,Lower middle income,KEN,Kenya,,36.8
2006,Western Pacific,Lower middle income,KIR,Kiribati,,12.9
1998,Europe,Lower middle income,KGZ,Kyrgyzstan,,30.6
2000,Europe,Lower middle income,KGZ,Kyrgyzstan,,42.1
2001,Europe,Lower middle income,KGZ,Kyrgyzstan,,36.4
2002,Europe,Lower middle income,KGZ,Kyrgyzstan,,34.1
2003,Europe,Lower middle income,KGZ,Kyrgyzstan,,28.1
2004,Europe,Lower middle income,KGZ,Kyrgyzstan,,13.6
2005,Europe,Lower middle income,KGZ,Kyrgyzstan,,15.3
2006,Europe,Lower middle income,KGZ,Kyrgyzstan,,9.9
2007,Europe,Lower middle income,KGZ,Kyrgyzstan,,9.9
2008,Europe,Lower middle income,KGZ,Kyrgyzstan,,4
2009,Europe,Lower middle income,KGZ,Kyrgyzstan,,2.1
2010,Europe,Lower middle income,KGZ,Kyrgyzstan,,4.1
2011,Europe,Lower middle income,KGZ,Kyrgyzstan,,1.8
2012,Europe,Lower middle income,KGZ,Kyrgyzstan,,2.9
2013,Europe,Lower middle income,KGZ,Kyrgyzstan,,3.3
2014,Europe,Lower middle income,KGZ,Kyrgyzstan,,1.3
2015,Europe,Lower middle income,KGZ,Kyrgyzstan,,2.5
2016,Europe,Lower middle income,KGZ,Kyrgyzstan,,1.4
2017,Europe,Lower middle income,KGZ,Kyrgyzstan,,1.5
2018,Europe,Lower middle income,KGZ,Kyrgyzstan,,0.9
1992,Western Pacific,Lower middle income,LAO,Lao People's Democratic Republic,,32.2
1997,Western Pacific,Lower middle income,LAO,Lao People's Democratic Republic,,52.4
2002,Western Pacific,Lower middle income,LAO,Lao People's Democratic Republic,,33.8
2007,Western Pacific,Lower middle income,LAO,Lao People's Democratic Republic,,27
2012,Western Pacific,Lower middle income,LAO,Lao People's Democratic Republic,,22.7
1993,Europe,High income,LVA,Latvia,,0
1995,Europe,High income,LVA,Latvia,,0
1996,Europe,High income,LVA,Latvia,,1.6
2004,Europe,High income,LVA,Latvia,,2.4
2005,Europe,High income,LVA,Latvia,,2.3
2006,Europe,High income,LVA,Latvia,,1.5
2007,Europe,High income,LVA,Latvia,,0.6
2008,Europe,High income,LVA,Latvia,,1.2
2009,Europe,High income,LVA,Latvia,,1.7
2010,Europe,High income,LVA,Latvia,,1.7
2011,Europe,High income,LVA,Latvia,,1
2012,Europe,High income,LVA,Latvia,,1
2013,Europe,High income,LVA,Latvia,,1.1
2014,Europe,High income,LVA,Latvia,,0.8
2015,Europe,High income,LVA,Latvia,,0.6
2016,Europe,High income,LVA,Latvia,,0.6
2017,Europe,High income,LVA,Latvia,,0.8
2011,Eastern Mediterranean,Upper middle income,LBN,Lebanon,,0
1986,Africa,Lower middle income,LSO,Lesotho,,49.4
1994,Africa,Lower middle income,LSO,Lesotho,,50.2
2002,Africa,Lower middle income,LSO,Lesotho,,61.3
2010,Africa,Lower middle income,LSO,Lesotho,,59.7
2017,Africa,Lower middle income,LSO,Lesotho,,26.9
2007,Africa,Low income,LBR,Liberia,,68.6
2014,Africa,Low income,LBR,Liberia,,38.6
2016,Africa,Low income,LBR,Liberia,,40.9
1993,Europe,High income,LTU,Lithuania,,7
2004,Europe,High income,LTU,Lithuania,,2.8
2005,Europe,High income,LTU,Lithuania,,1.8
2006,Europe,High income,LTU,Lithuania,,1.5
2007,Europe,High income,LTU,Lithuania,,1.3
2008,Europe,High income,LTU,Lithuania,,1.4
2009,Europe,High income,LTU,Lithuania,,2.2
2010,Europe,High income,LTU,Lithuania,,1.5
2011,Europe,High income,LTU,Lithuania,,0.7
2012,Europe,High income,LTU,Lithuania,,1
2013,Europe,High income,LTU,Lithuania,,0.7
2014,Europe,High income,LTU,Lithuania,,1.3
2015,Europe,High income,LTU,Lithuania,,0.7
2016,Europe,High income,LTU,Lithuania,,1.4
2017,Europe,High income,LTU,Lithuania,,1
1985,Europe,High income,LUX,Luxembourg,,0
1991,Europe,High income,LUX,Luxembourg,,0
1994,Europe,High income,LUX,Luxembourg,,0
1997,Europe,High income,LUX,Luxembourg,,0
2000,Europe,High income,LUX,Luxembourg,,0
2003,Europe,High income,LUX,Luxembourg,,0.1
2004,Europe,High income,LUX,Luxembourg,,0
2005,Europe,High income,LUX,Luxembourg,,0
2006,Europe,High income,LUX,Luxembourg,,0
2007,Europe,High income,LUX,Luxembourg,,0
2008,Europe,High income,LUX,Luxembourg,,0
2009,Europe,High income,LUX,Luxembourg,,0
2010,Europe,High income,LUX,Luxembourg,,0
2011,Europe,High income,LUX,Luxembourg,,0.1
2012,Europe,High income,LUX,Luxembourg,,0
2013,Europe,High income,LUX,Luxembourg,,0.1
2014,Europe,High income,LUX,Luxembourg,,0.1
2015,Europe,High income,LUX,Luxembourg,,0.3
2016,Europe,High income,LUX,Luxembourg,,0.1
2017,Europe,High income,LUX,Luxembourg,,0.3
1980,Africa,Low income,MDG,Madagascar,,46.1
1993,Africa,Low income,MDG,Madagascar,,70.3
1997,Africa,Low income,MDG,Madagascar,,66.8
1999,Africa,Low income,MDG,Madagascar,,64.2
2001,Africa,Low income,MDG,Madagascar,,68.7
2005,Africa,Low income,MDG,Madagascar,,72
2010,Africa,Low income,MDG,Madagascar,,78.5
2012,Africa,Low income,MDG,Madagascar,,77.6
1997,Africa,Low income,MWI,Malawi,,63.3
2004,Africa,Low income,MWI,Malawi,,73.4
2010,Africa,Low income,MWI,Malawi,,71.7
2016,Africa,Low income,MWI,Malawi,,70.3
1984,Western Pacific,Upper middle income,MYS,Malaysia,,2.9
1987,Western Pacific,Upper middle income,MYS,Malaysia,,2.1
1989,Western Pacific,Upper middle income,MYS,Malaysia,,1.6
1992,Western Pacific,Upper middle income,MYS,Malaysia,,1.3
1995,Western Pacific,Upper middle income,MYS,Malaysia,,1.8
1997,Western Pacific,Upper middle income,MYS,Malaysia,,0.4
2004,Western Pacific,Upper middle income,MYS,Malaysia,,0.4
2007,Western Pacific,Upper middle income,MYS,Malaysia,,0.5
2008,Western Pacific,Upper middle income,MYS,Malaysia,,0.6
2011,Western Pacific,Upper middle income,MYS,Malaysia,,0.1
2013,Western Pacific,Upper middle income,MYS,Malaysia,,0
2015,Western Pacific,Upper middle income,MYS,Malaysia,,0
2002,South-East Asia,Upper middle income,MDV,Maldives,,10
2009,South-East Asia,Upper middle income,MDV,Maldives,,7.3
2016,South-East Asia,Upper middle income,MDV,Maldives,,0
1994,Africa,Low income,MLI,Mali,,85.1
2001,Africa,Low income,MLI,Mali,,58.5
2006,Africa,Low income,MLI,Mali,,51.2
2009,Africa,Low income,MLI,Mali,,49.7
2006,Europe,High income,MLT,Malta,,0.4
2007,Europe,High income,MLT,Malta,,0.4
2008,Europe,High income,MLT,Malta,,0.1
2009,Europe,High income,MLT,Malta,,0.4
2010,Europe,High income,MLT,Malta,,0.2
2011,Europe,High income,MLT,Malta,,0.2
2012,Europe,High income,MLT,Malta,,0.1
2013,Europe,High income,MLT,Malta,,0
2014,Europe,High income,MLT,Malta,,0
2015,Europe,High income,MLT,Malta,,0.1
2016,Europe,High income,MLT,Malta,,0.1
2017,Europe,High income,MLT,Malta,,0.2
1987,Africa,Lower middle income,MRT,Mauritania,,40
1993,Africa,Lower middle income,MRT,Mauritania,,41.1
1995,Africa,Lower middle income,MRT,Mauritania,,20.6
2000,Africa,Lower middle income,MRT,Mauritania,,19.6
2004,Africa,Lower middle income,MRT,Mauritania,,14.4
2008,Africa,Lower middle income,MRT,Mauritania,,10.8
2014,Africa,Lower middle income,MRT,Mauritania,,6
2006,Africa,Upper middle income,MUS,Mauritius,,0.4
2012,Africa,Upper middle income,MUS,Mauritius,,0.5
2017,Africa,Upper middle income,MUS,Mauritius,,0.2
1989,Americas,Upper middle income,MEX,Mexico,,7.1
1992,Americas,Upper middle income,MEX,Mexico,,9.5
1994,Americas,Upper middle income,MEX,Mexico,,9.9
1996,Americas,Upper middle income,MEX,Mexico,,20.7
1998,Americas,Upper middle income,MEX,Mexico,,15.9
2000,Americas,Upper middle income,MEX,Mexico,,9.1
2002,Americas,Upper middle income,MEX,Mexico,,6.7
2004,Americas,Upper middle income,MEX,Mexico,,6
2005,Americas,Upper middle income,MEX,Mexico,,6.7
2006,Americas,Upper middle income,MEX,Mexico,,4.2
2008,Americas,Upper middle income,MEX,Mexico,,5.5
2010,Americas,Upper middle income,MEX,Mexico,,4.6
2012,Americas,Upper middle income,MEX,Mexico,,3.9
2014,Americas,Upper middle income,MEX,Mexico,,3.8
2016,Americas,Upper middle income,MEX,Mexico,,2.2
2018,Americas,Upper middle income,MEX,Mexico,,1.7
2005,Western Pacific,Lower middle income,FSM,Micronesia (Federated States of),,8.1
2013,Western Pacific,Lower middle income,FSM,Micronesia (Federated States of),,15.4
1995,Western Pacific,Lower middle income,MNG,Mongolia,,12.7
1998,Western Pacific,Lower middle income,MNG,Mongolia,,25.2
2002,Western Pacific,Lower middle income,MNG,Mongolia,,9.7
2007,Western Pacific,Lower middle income,MNG,Mongolia,,1.3
2010,Western Pacific,Lower middle income,MNG,Mongolia,,0.8
2011,Western Pacific,Lower middle income,MNG,Mongolia,,0.6
2012,Western Pacific,Lower middle income,MNG,Mongolia,,0.4
2014,Western Pacific,Lower middle income,MNG,Mongolia,,0.2
2016,Western Pacific,Lower middle income,MNG,Mongolia,,0.6
2018,Western Pacific,Lower middle income,MNG,Mongolia,,0.5
2005,Europe,Upper middle income,MNE,Montenegro,,0.2
2006,Europe,Upper middle income,MNE,Montenegro,,0.1
2007,Europe,Upper middle income,MNE,Montenegro,,0.4
2008,Europe,Upper middle income,MNE,Montenegro,,0.2
2009,Europe,Upper middle income,MNE,Montenegro,,0
2010,Europe,Upper middle income,MNE,Montenegro,,0
2011,Europe,Upper middle income,MNE,Montenegro,,0.2
2012,Europe,Upper middle income,MNE,Montenegro,,3.5
2013,Europe,Upper middle income,MNE,Montenegro,,3.2
2014,Europe,Upper middle income,MNE,Montenegro,,1.7
2015,Europe,Upper middle income,MNE,Montenegro,,1.7
1984,Eastern Mediterranean,Lower middle income,MAR,Morocco,,11.1
1990,Eastern Mediterranean,Lower middle income,MAR,Morocco,,2.9
1998,Eastern Mediterranean,Lower middle income,MAR,Morocco,,7.5
2000,Eastern Mediterranean,Lower middle income,MAR,Morocco,,6.3
2006,Eastern Mediterranean,Lower middle income,MAR,Morocco,,3.1
2013,Eastern Mediterranean,Lower middle income,MAR,Morocco,,1
1996,Africa,Low income,MOZ,Mozambique,,81.6
2002,Africa,Low income,MOZ,Mozambique,,79.3
2008,Africa,Low income,MOZ,Mozambique,,68.7
2014,Africa,Low income,MOZ,Mozambique,,62.9
2015,South-East Asia,Lower middle income,MMR,Myanmar,,6.2
2017,South-East Asia,Lower middle income,MMR,Myanmar,,2
2003,Africa,Upper middle income,NAM,Namibia,,31.5
2009,Africa,Upper middle income,NAM,Namibia,,22.6
2015,Africa,Upper middle income,NAM,Namibia,,13.4
1995,South-East Asia,Low income,NPL,Nepal,,66
2003,South-East Asia,Low income,NPL,Nepal,,49.9
2010,South-East Asia,Low income,NPL,Nepal,,15
1983,Europe,High income,NLD,Netherlands,,0.5
1987,Europe,High income,NLD,Netherlands,,0.2
1990,Europe,High income,NLD,Netherlands,,1
1993,Europe,High income,NLD,Netherlands,,1
1999,Europe,High income,NLD,Netherlands,,0.2
2004,Europe,High income,NLD,Netherlands,,0.2
2005,Europe,High income,NLD,Netherlands,,0.1
2006,Europe,High income,NLD,Netherlands,,0
2007,Europe,High income,NLD,Netherlands,,0
2008,Europe,High income,NLD,Netherlands,,0.1
2009,Europe,High income,NLD,Netherlands,,0.1
2010,Europe,High income,NLD,Netherlands,,0
2011,Europe,High income,NLD,Netherlands,,0.1
2012,Europe,High income,NLD,Netherlands,,0.1
2013,Europe,High income,NLD,Netherlands,,0.1
2014,Europe,High income,NLD,Netherlands,,0.1
2015,Europe,High income,NLD,Netherlands,,0.1
2016,Europe,High income,NLD,Netherlands,,0
2017,Europe,High income,NLD,Netherlands,,0.2
1993,Americas,Lower middle income,NIC,Nicaragua,,36.3
1998,Americas,Lower middle income,NIC,Nicaragua,,24.2
2001,Americas,Lower middle income,NIC,Nicaragua,,16.5
2005,Americas,Lower middle income,NIC,Nicaragua,,8.3
2009,Americas,Lower middle income,NIC,Nicaragua,,7.3
2014,Americas,Lower middle income,NIC,Nicaragua,,3.2
1992,Africa,Low income,NER,Niger,,78.2
1994,Africa,Low income,NER,Niger,,81.4
2005,Africa,Low income,NER,Niger,,74.9
2007,Africa,Low income,NER,Niger,,72
2011,Africa,Low income,NER,Niger,,50.3
2014,Africa,Low income,NER,Niger,,44.5
1985,Africa,Lower middle income,NGA,Nigeria,,53.3
1992,Africa,Lower middle income,NGA,Nigeria,,57.1
1996,Africa,Lower middle income,NGA,Nigeria,,63.5
2003,Africa,Lower middle income,NGA,Nigeria,,53.5
2009,Africa,Lower middle income,NGA,Nigeria,,53.5
1979,Europe,High income,NOR,Norway,,0.2
1986,Europe,High income,NOR,Norway,,0.2
1991,Europe,High income,NOR,Norway,,0.2
1995,Europe,High income,NOR,Norway,,0.2
2000,Europe,High income,NOR,Norway,,0.2
2003,Europe,High income,NOR,Norway,,0.2
2004,Europe,High income,NOR,Norway,,0.3
2005,Europe,High income,NOR,Norway,,0.2
2006,Europe,High income,NOR,Norway,,0.1
2007,Europe,High income,NOR,Norway,,0.1
2008,Europe,High income,NOR,Norway,,0.2
2009,Europe,High income,NOR,Norway,,0.1
2010,Europe,High income,NOR,Norway,,0.2
2011,Europe,High income,NOR,Norway,,0.1
2012,Europe,High income,NOR,Norway,,0.1
2013,Europe,High income,NOR,Norway,,0.1
2014,Europe,High income,NOR,Norway,,0.1
2015,Europe,High income,NOR,Norway,,0.1
2016,Europe,High income,NOR,Norway,,0.3
2017,Europe,High income,NOR,Norway,,0.2
1987,Eastern Mediterranean,Lower middle income,PAK,Pakistan,,62.2
1990,Eastern Mediterranean,Lower middle income,PAK,Pakistan,,58.9
1996,Eastern Mediterranean,Lower middle income,PAK,Pakistan,,15.9
1998,Eastern Mediterranean,Lower middle income,PAK,Pakistan,,23.4
2001,Eastern Mediterranean,Lower middle income,PAK,Pakistan,,28.6
2004,Eastern Mediterranean,Lower middle income,PAK,Pakistan,,18
2005,Eastern Mediterranean,Lower middle income,PAK,Pakistan,,16.5
2007,Eastern Mediterranean,Lower middle income,PAK,Pakistan,,13.2
2010,Eastern Mediterranean,Lower middle income,PAK,Pakistan,,8.3
2011,Eastern Mediterranean,Lower middle income,PAK,Pakistan,,7.9
2013,Eastern Mediterranean,Lower middle income,PAK,Pakistan,,6.1
2015,Eastern Mediterranean,Lower middle income,PAK,Pakistan,,3.9
1979,Americas,High income,PAN,Panama,,8.1
1989,Americas,High income,PAN,Panama,,23.7
1991,Americas,High income,PAN,Panama,,21.8
1995,Americas,High income,PAN,Panama,,16.3
1997,Americas,High income,PAN,Panama,,15
1998,Americas,High income,PAN,Panama,,15.1
1999,Americas,High income,PAN,Panama,,13.4
2000,Americas,High income,PAN,Panama,,12.4
2001,Americas,High income,PAN,Panama,,15.5
2002,Americas,High income,PAN,Panama,,11.2
2003,Americas,High income,PAN,Panama,,11.1
2004,Americas,High income,PAN,Panama,,10.1
2005,Americas,High income,PAN,Panama,,9.9
2006,Americas,High income,PAN,Panama,,10.5
2007,Americas,High income,PAN,Panama,,7.8
2008,Americas,High income,PAN,Panama,,5.2
2009,Americas,High income,PAN,Panama,,3.2
2010,Americas,High income,PAN,Panama,,4.5
2011,Americas,High income,PAN,Panama,,3
2012,Americas,High income,PAN,Panama,,4.1
2013,Americas,High income,PAN,Panama,,2.8
2014,Americas,High income,PAN,Panama,,3.5
2015,Americas,High income,PAN,Panama,,2
2016,Americas,High income,PAN,Panama,,2.2
2017,Americas,High income,PAN,Panama,,2.5
2018,Americas,High income,PAN,Panama,,1.7
1996,Western Pacific,Lower middle income,PNG,Papua New Guinea,,50.9
2009,Western Pacific,Lower middle income,PNG,Papua New Guinea,,38
1990,Americas,Upper middle income,PRY,Paraguay,,1.2
1995,Americas,Upper middle income,PRY,Paraguay,,12.4
1997,Americas,Upper middle income,PRY,Paraguay,,10.6
1999,Americas,Upper middle income,PRY,Paraguay,,10.2
2001,Americas,Upper middle income,PRY,Paraguay,,8.9
2002,Americas,Upper middle income,PRY,Paraguay,,13.2
2003,Americas,Upper middle income,PRY,Paraguay,,8.3
2004,Americas,Upper middle income,PRY,Paraguay,,5.7
2005,Americas,Upper middle income,PRY,Paraguay,,6.1
2006,Americas,Upper middle income,PRY,Paraguay,,7.9
2007,Americas,Upper middle income,PRY,Paraguay,,7.8
2008,Americas,Upper middle income,PRY,Paraguay,,4.3
2009,Americas,Upper middle income,PRY,Paraguay,,5.8
2010,Americas,Upper middle income,PRY,Paraguay,,5.5
2011,Americas,Upper middle income,PRY,Paraguay,,5
2012,Americas,Upper middle income,PRY,Paraguay,,3.3
2013,Americas,Upper middle income,PRY,Paraguay,,1.8
2014,Americas,Upper middle income,PRY,Paraguay,,2.4
2015,Americas,Upper middle income,PRY,Paraguay,,1.9
2016,Americas,Upper middle income,PRY,Paraguay,,1.7
2017,Americas,Upper middle income,PRY,Paraguay,,1.2
2018,Americas,Upper middle income,PRY,Paraguay,,1.6
1997,Americas,Upper middle income,PER,Peru,,17.9
1998,Americas,Upper middle income,PER,Peru,,16.7
1999,Americas,Upper middle income,PER,Peru,,17.6
2000,Americas,Upper middle income,PER,Peru,,16.3
2001,Americas,Upper middle income,PER,Peru,,17.2
2002,Americas,Upper middle income,PER,Peru,,15
2003,Americas,Upper middle income,PER,Peru,,11.7
2004,Americas,Upper middle income,PER,Peru,,13.5
2005,Americas,Upper middle income,PER,Peru,,15.3
2006,Americas,Upper middle income,PER,Peru,,13.3
2007,Americas,Upper middle income,PER,Peru,,11
2008,Americas,Upper middle income,PER,Peru,,9
2009,Americas,Upper middle income,PER,Peru,,7
2010,Americas,Upper middle income,PER,Peru,,5.5
2011,Americas,Upper middle income,PER,Peru,,5.2
2012,Americas,Upper middle income,PER,Peru,,4.7
2013,Americas,Upper middle income,PER,Peru,,4.3
2014,Americas,Upper middle income,PER,Peru,,3.7
2015,Americas,Upper middle income,PER,Peru,,3.6
2016,Americas,Upper middle income,PER,Peru,,3.5
2017,Americas,Upper middle income,PER,Peru,,3.4
2018,Americas,Upper middle income,PER,Peru,,2.6
2000,Western Pacific,Lower middle income,PHL,Philippines,,13.9
2003,Western Pacific,Lower middle income,PHL,Philippines,,13.2
2006,Western Pacific,Lower middle income,PHL,Philippines,,14.5
2009,Western Pacific,Lower middle income,PHL,Philippines,,10.9
2012,Western Pacific,Lower middle income,PHL,Philippines,,10.5
2015,Western Pacific,Lower middle income,PHL,Philippines,,6.1
1985,Europe,High income,POL,Poland,,0.2
1986,Europe,High income,POL,Poland,,0.2
1987,Europe,High income,POL,Poland,,0.1
1989,Europe,High income,POL,Poland,,0.1
1992,Europe,High income,POL,Poland,,0.2
1995,Europe,High income,POL,Poland,,1.7
1999,Europe,High income,POL,Poland,,0.7
2004,Europe,High income,POL,Poland,,2.1
2005,Europe,High income,POL,Poland,,0.9
2006,Europe,High income,POL,Poland,,0.6
2007,Europe,High income,POL,Poland,,0.4
2008,Europe,High income,POL,Poland,,0.2
2009,Europe,High income,POL,Poland,,0.3
2010,Europe,High income,POL,Poland,,0.3
2011,Europe,High income,POL,Poland,,0.3
2012,Europe,High income,POL,Poland,,0.2
2013,Europe,High income,POL,Poland,,0.4
2014,Europe,High income,POL,Poland,,0.3
2015,Europe,High income,POL,Poland,,0.4
2016,Europe,High income,POL,Poland,,0.2
2017,Europe,High income,POL,Poland,,0.3
2003,Europe,High income,PRT,Portugal,,0.9
2004,Europe,High income,PRT,Portugal,,0.5
2005,Europe,High income,PRT,Portugal,,0.5
2006,Europe,High income,PRT,Portugal,,0.1
2007,Europe,High income,PRT,Portugal,,0.3
2008,Europe,High income,PRT,Portugal,,0.1
2009,Europe,High income,PRT,Portugal,,0.2
2010,Europe,High income,PRT,Portugal,,0.1
2011,Europe,High income,PRT,Portugal,,0.5
2012,Europe,High income,PRT,Portugal,,0.7
2013,Europe,High income,PRT,Portugal,,0.9
2014,Europe,High income,PRT,Portugal,,0.5
2015,Europe,High income,PRT,Portugal,,0.5
2016,Europe,High income,PRT,Portugal,,0.4
2017,Europe,High income,PRT,Portugal,,0.4
2006,Western Pacific,High income,KOR,Republic of Korea,,0.2
2008,Western Pacific,High income,KOR,Republic of Korea,,0.2
2010,Western Pacific,High income,KOR,Republic of Korea,,0.5
2012,Western Pacific,High income,KOR,Republic of Korea,,0.2
1997,Europe,Lower middle income,MDA,Republic of Moldova,,15.7
1998,Europe,Lower middle income,MDA,Republic of Moldova,,27.2
1999,Europe,Lower middle income,MDA,Republic of Moldova,,38.5
2000,Europe,Lower middle income,MDA,Republic of Moldova,,35.7
2001,Europe,Lower middle income,MDA,Republic of Moldova,,27.2
2002,Europe,Lower middle income,MDA,Republic of Moldova,,16.3
2003,Europe,Lower middle income,MDA,Republic of Moldova,,7.5
2004,Europe,Lower middle income,MDA,Republic of Moldova,,8.6
2005,Europe,Lower middle income,MDA,Republic of Moldova,,13.9
2006,Europe,Lower middle income,MDA,Republic of Moldova,,2.4
2007,Europe,Lower middle income,MDA,Republic of Moldova,,1.1
2008,Europe,Lower middle income,MDA,Republic of Moldova,,1.3
2009,Europe,Lower middle income,MDA,Republic of Moldova,,1
2010,Europe,Lower middle income,MDA,Republic of Moldova,,0.5
2011,Europe,Lower middle income,MDA,Republic of Moldova,,0.3
2012,Europe,Lower middle income,MDA,Republic of Moldova,,0.3
2013,Europe,Lower middle income,MDA,Republic of Moldova,,0.1
2014,Europe,Lower middle income,MDA,Republic of Moldova,,0
2015,Europe,Lower middle income,MDA,Republic of Moldova,,0
2016,Europe,Lower middle income,MDA,Republic of Moldova,,0.2
2017,Europe,Lower middle income,MDA,Republic of Moldova,,0.1
2018,Europe,Lower middle income,MDA,Republic of Moldova,,0
2009,Europe,Upper middle income,MKD,Republic of North Macedonia,,9.6
2010,Europe,Upper middle income,MKD,Republic of North Macedonia,,10.4
2011,Europe,Upper middle income,MKD,Republic of North Macedonia,,8.8
2012,Europe,Upper middle income,MKD,Republic of North Macedonia,,6.8
2013,Europe,Upper middle income,MKD,Republic of North Macedonia,,5.2
2014,Europe,Upper middle income,MKD,Republic of North Macedonia,,4.4
2015,Europe,Upper middle income,MKD,Republic of North Macedonia,,5.2
2016,Europe,Upper middle income,MKD,Republic of North Macedonia,,4.1
2017,Europe,Upper middle income,MKD,Republic of North Macedonia,,4.4
1989,Europe,Upper middle income,ROU,Romania,,0.3
1992,Europe,Upper middle income,ROU,Romania,,0.6
1994,Europe,Upper middle income,ROU,Romania,,10.7
1995,Europe,Upper middle income,ROU,Romania,,2
1997,Europe,Upper middle income,ROU,Romania,,2.5
2006,Europe,Upper middle income,ROU,Romania,,8
2007,Europe,Upper middle income,ROU,Romania,,5.7
2008,Europe,Upper middle income,ROU,Romania,,4.4
2009,Europe,Upper middle income,ROU,Romania,,3.5
2010,Europe,Upper middle income,ROU,Romania,,4.6
2011,Europe,Upper middle income,ROU,Romania,,5.8
2012,Europe,Upper middle income,ROU,Romania,,6.7
2013,Europe,Upper middle income,ROU,Romania,,7.2
2014,Europe,Upper middle income,ROU,Romania,,7.6
2015,Europe,Upper middle income,ROU,Romania,,5.7
2016,Europe,Upper middle income,ROU,Romania,,3.6
2017,Europe,Upper middle income,ROU,Romania,,3.5
1993,Europe,Upper middle income,RUS,Russian Federation,,2.4
1996,Europe,Upper middle income,RUS,Russian Federation,,3.6
1997,Europe,Upper middle income,RUS,Russian Federation,,1.1
1998,Europe,Upper middle income,RUS,Russian Federation,,1.7
1999,Europe,Upper middle income,RUS,Russian Federation,,3.4
2000,Europe,Upper middle income,RUS,Russian Federation,,2.2
2001,Europe,Upper middle income,RUS,Russian Federation,,1.3
2002,Europe,Upper middle income,RUS,Russian Federation,,0.7
2003,Europe,Upper middle income,RUS,Russian Federation,,0.8
2004,Europe,Upper middle income,RUS,Russian Federation,,0.7
2005,Europe,Upper middle income,RUS,Russian Federation,,0.5
2006,Europe,Upper middle income,RUS,Russian Federation,,0.3
2007,Europe,Upper middle income,RUS,Russian Federation,,0.1
2008,Europe,Upper middle income,RUS,Russian Federation,,0.1
2009,Europe,Upper middle income,RUS,Russian Federation,,0
2010,Europe,Upper middle income,RUS,Russian Federation,,0.1
2011,Europe,Upper middle income,RUS,Russian Federation,,0
2012,Europe,Upper middle income,RUS,Russian Federation,,0
2013,Europe,Upper middle income,RUS,Russian Federation,,0
2014,Europe,Upper middle income,RUS,Russian Federation,,0
2015,Europe,Upper middle income,RUS,Russian Federation,,0
2016,Europe,Upper middle income,RUS,Russian Federation,,0
2017,Europe,Upper middle income,RUS,Russian Federation,,0
2018,Europe,Upper middle income,RUS,Russian Federation,,0
1984,Africa,Low income,RWA,Rwanda,,63
2000,Africa,Low income,RWA,Rwanda,,77.2
2005,Africa,Low income,RWA,Rwanda,,68.3
2010,Africa,Low income,RWA,Rwanda,,62.3
2013,Africa,Low income,RWA,Rwanda,,56.8
2016,Africa,Low income,RWA,Rwanda,,55.5
1995,Americas,Upper middle income,LCA,Saint Lucia,,35.9
2016,Americas,Upper middle income,LCA,Saint Lucia,,4.7
2002,Western Pacific,Upper middle income,WSM,Samoa,,2
2008,Western Pacific,Upper middle income,WSM,Samoa,,0.6
2013,Western Pacific,Upper middle income,WSM,Samoa,,1.1
2000,Africa,Lower middle income,STP,Sao Tome and Principe,,29.8
2010,Africa,Lower middle income,STP,Sao Tome and Principe,,32.3
2017,Africa,Lower middle income,STP,Sao Tome and Principe,,34.5
1991,Africa,Low income,SEN,Senegal,,67.9
1994,Africa,Low income,SEN,Senegal,,56.6
2001,Africa,Low income,SEN,Senegal,,48.3
2005,Africa,Low income,SEN,Senegal,,37.4
2011,Africa,Low income,SEN,Senegal,,38
2012,Europe,Upper middle income,SRB,Serbia,,5.6
2013,Europe,Upper middle income,SRB,Serbia,,6.2
2014,Europe,Upper middle income,SRB,Serbia,,7.1
2015,Europe,Upper middle income,SRB,Serbia,,6.9
2016,Europe,Upper middle income,SRB,Serbia,,6.6
2017,Europe,Upper middle income,SRB,Serbia,,5.5
2013,Africa,High income,SYC,Seychelles,,1.1
1989,Africa,Low income,SLE,Sierra Leone,,72
2003,Africa,Low income,SLE,Sierra Leone,,71.6
2011,Africa,Low income,SLE,Sierra Leone,,52.2
2018,Africa,Low income,SLE,Sierra Leone,,40.1
1992,Europe,High income,SVK,Slovakia,,0
1996,Europe,High income,SVK,Slovakia,,1.5
2004,Europe,High income,SVK,Slovakia,,0.1
2005,Europe,High income,SVK,Slovakia,,0.2
2006,Europe,High income,SVK,Slovakia,,0.2
2007,Europe,High income,SVK,Slovakia,,0.3
2008,Europe,High income,SVK,Slovakia,,0.4
2009,Europe,High income,SVK,Slovakia,,0.4
2010,Europe,High income,SVK,Slovakia,,0.5
2011,Europe,High income,SVK,Slovakia,,0.4
2012,Europe,High income,SVK,Slovakia,,0.3
2013,Europe,High income,SVK,Slovakia,,0.3
2014,Europe,High income,SVK,Slovakia,,0.6
2015,Europe,High income,SVK,Slovakia,,0.7
2016,Europe,High income,SVK,Slovakia,,1.4
1987,Europe,High income,SVN,Slovenia,,0
1993,Europe,High income,SVN,Slovenia,,0
1997,Europe,High income,SVN,Slovenia,,0
1999,Europe,High income,SVN,Slovenia,,0
2004,Europe,High income,SVN,Slovenia,,0
2005,Europe,High income,SVN,Slovenia,,0.1
2006,Europe,High income,SVN,Slovenia,,0.1
2007,Europe,High income,SVN,Slovenia,,0
2008,Europe,High income,SVN,Slovenia,,0
2009,Europe,High income,SVN,Slovenia,,0
2010,Europe,High income,SVN,Slovenia,,0
2011,Europe,High income,SVN,Slovenia,,0
2012,Europe,High income,SVN,Slovenia,,0
2013,Europe,High income,SVN,Slovenia,,0
2014,Europe,High income,SVN,Slovenia,,0
2015,Europe,High income,SVN,Slovenia,,0
2016,Europe,High income,SVN,Slovenia,,0
2017,Europe,High income,SVN,Slovenia,,0
2005,Western Pacific,Lower middle income,SLB,Solomon Islands,,45.6
2013,Western Pacific,Lower middle income,SLB,Solomon Islands,,25.1
1993,Africa,Upper middle income,ZAF,South Africa,,31.7
1996,Africa,Upper middle income,ZAF,South Africa,,36.6
2000,Africa,Upper middle income,ZAF,South Africa,,35
2005,Africa,Upper middle income,ZAF,South Africa,,26.1
2008,Africa,Upper middle income,ZAF,South Africa,,16.9
2010,Africa,Upper middle income,ZAF,South Africa,,16.5
2014,Africa,Upper middle income,ZAF,South Africa,,18.9
2009,Africa,Low income,SSD,South Sudan,,42.7
1980,Europe,High income,ESP,Spain,,0.5
1985,Europe,High income,ESP,Spain,,0.2
1990,Europe,High income,ESP,Spain,,0.5
1995,Europe,High income,ESP,Spain,,1.2
2000,Europe,High income,ESP,Spain,,0.5
2003,Europe,High income,ESP,Spain,,0.8
2004,Europe,High income,ESP,Spain,,0.8
2005,Europe,High income,ESP,Spain,,0.8
2006,Europe,High income,ESP,Spain,,0.8
2007,Europe,High income,ESP,Spain,,0.4
2008,Europe,High income,ESP,Spain,,0.5
2009,Europe,High income,ESP,Spain,,0.8
2010,Europe,High income,ESP,Spain,,0.7
2011,Europe,High income,ESP,Spain,,1.1
2012,Europe,High income,ESP,Spain,,0.9
2013,Europe,High income,ESP,Spain,,1.2
2014,Europe,High income,ESP,Spain,,0.8
2015,Europe,High income,ESP,Spain,,0.9
2016,Europe,High income,ESP,Spain,,1.2
2017,Europe,High income,ESP,Spain,,0.7
1985,South-East Asia,Lower middle income,LKA,Sri Lanka,,13.3
1990,South-East Asia,Lower middle income,LKA,Sri Lanka,,8.7
1995,South-East Asia,Lower middle income,LKA,Sri Lanka,,8.8
2002,South-East Asia,Lower middle income,LKA,Sri Lanka,,8.3
2006,South-East Asia,Lower middle income,LKA,Sri Lanka,,3.8
2009,South-East Asia,Lower middle income,LKA,Sri Lanka,,2.4
2012,South-East Asia,Lower middle income,LKA,Sri Lanka,,1.9
2016,South-East Asia,Lower middle income,LKA,Sri Lanka,,0.8
2009,Eastern Mediterranean,Lower middle income,SDN,Sudan,,16.2
2014,Eastern Mediterranean,Lower middle income,SDN,Sudan,,12.7
1999,Americas,Upper middle income,SUR,Suriname,,23.4
1975,Europe,High income,SWE,Sweden,,0.5
1981,Europe,High income,SWE,Sweden,,0.2
1987,Europe,High income,SWE,Sweden,,0.2
1992,Europe,High income,SWE,Sweden,,0.2
1995,Europe,High income,SWE,Sweden,,0.2
2000,Europe,High income,SWE,Sweden,,0
2003,Europe,High income,SWE,Sweden,,0.3
2004,Europe,High income,SWE,Sweden,,0.4
2005,Europe,High income,SWE,Sweden,,1
2006,Europe,High income,SWE,Sweden,,0.3
2007,Europe,High income,SWE,Sweden,,0.4
2008,Europe,High income,SWE,Sweden,,0.6
2009,Europe,High income,SWE,Sweden,,0.4
2010,Europe,High income,SWE,Sweden,,0.5
2011,Europe,High income,SWE,Sweden,,0.5
2012,Europe,High income,SWE,Sweden,,0.5
2013,Europe,High income,SWE,Sweden,,0.6
2014,Europe,High income,SWE,Sweden,,0.5
2015,Europe,High income,SWE,Sweden,,0.5
2016,Europe,High income,SWE,Sweden,,0.3
2017,Europe,High income,SWE,Sweden,,0.2
1982,Europe,High income,CHE,Switzerland,,0.7
1992,Europe,High income,CHE,Switzerland,,0.5
2000,Europe,High income,CHE,Switzerland,,0
2002,Europe,High income,CHE,Switzerland,,0
2006,Europe,High income,CHE,Switzerland,,0
2007,Europe,High income,CHE,Switzerland,,0.1
2008,Europe,High income,CHE,Switzerland,,0.1
2009,Europe,High income,CHE,Switzerland,,0
2010,Europe,High income,CHE,Switzerland,,0.1
2011,Europe,High income,CHE,Switzerland,,0
2012,Europe,High income,CHE,Switzerland,,0
2013,Europe,High income,CHE,Switzerland,,0
2014,Europe,High income,CHE,Switzerland,,0
2015,Europe,High income,CHE,Switzerland,,0
2016,Europe,High income,CHE,Switzerland,,0
2017,Europe,High income,CHE,Switzerland,,0
2004,Eastern Mediterranean,Low income,SYR,Syrian Arab Republic,,1.7
1999,Europe,Low income,TJK,Tajikistan,,54.4
2003,Europe,Low income,TJK,Tajikistan,,30.8
2004,Europe,Low income,TJK,Tajikistan,,15.4
2007,Europe,Low income,TJK,Tajikistan,,10.4
2009,Europe,Low income,TJK,Tajikistan,,4.7
2015,Europe,Low income,TJK,Tajikistan,,4.8
1981,South-East Asia,Upper middle income,THA,Thailand,,19.6
1988,South-East Asia,Upper middle income,THA,Thailand,,14.3
1990,South-East Asia,Upper middle income,THA,Thailand,,9.4
1992,South-East Asia,Upper middle income,THA,Thailand,,6.6
1994,South-East Asia,Upper middle income,THA,Thailand,,3.2
1996,South-East Asia,Upper middle income,THA,Thailand,,2.2
1998,South-East Asia,Upper middle income,THA,Thailand,,1.5
1999,South-East Asia,Upper middle income,THA,Thailand,,2.5
2000,South-East Asia,Upper middle income,THA,Thailand,,2.5
2002,South-East Asia,Upper middle income,THA,Thailand,,1.1
2004,South-East Asia,Upper middle income,THA,Thailand,,0.8
2006,South-East Asia,Upper middle income,THA,Thailand,,0.7
2007,South-East Asia,Upper middle income,THA,Thailand,,0.3
2008,South-East Asia,Upper middle income,THA,Thailand,,0.1
2009,South-East Asia,Upper middle income,THA,Thailand,,0.2
2010,South-East Asia,Upper middle income,THA,Thailand,,0.1
2011,South-East Asia,Upper middle income,THA,Thailand,,0
2012,South-East Asia,Upper middle income,THA,Thailand,,0.1
2013,South-East Asia,Upper middle income,THA,Thailand,,0
2014,South-East Asia,Upper middle income,THA,Thailand,,0
2015,South-East Asia,Upper middle income,THA,Thailand,,0
2016,South-East Asia,Upper middle income,THA,Thailand,,0
2017,South-East Asia,Upper middle income,THA,Thailand,,0
2018,South-East Asia,Upper middle income,THA,Thailand,,0
2001,South-East Asia,Lower middle income,TLS,Timor-Leste,,46
2007,South-East Asia,Lower middle income,TLS,Timor-Leste,,47
2014,South-East Asia,Lower middle income,TLS,Timor-Leste,,30.7
2006,Africa,Low income,TGO,Togo,,55.6
2011,Africa,Low income,TGO,Togo,,54.2
2015,Africa,Low income,TGO,Togo,,49.8
2001,Western Pacific,Upper middle income,TON,Tonga,,2.8
2009,Western Pacific,Upper middle income,TON,Tonga,,1.1
2015,Western Pacific,Upper middle income,TON,Tonga,,1
1988,Americas,High income,TTO,Trinidad and Tobago,,0.7
1992,Americas,High income,TTO,Trinidad and Tobago,,3.4
1985,Eastern Mediterranean,Lower middle income,TUN,Tunisia,,15.1
1990,Eastern Mediterranean,Lower middle income,TUN,Tunisia,,10.7
1995,Eastern Mediterranean,Lower middle income,TUN,Tunisia,,11.8
2000,Eastern Mediterranean,Lower middle income,TUN,Tunisia,,6
2005,Eastern Mediterranean,Lower middle income,TUN,Tunisia,,3.4
2010,Eastern Mediterranean,Lower middle income,TUN,Tunisia,,2
2015,Eastern Mediterranean,Lower middle income,TUN,Tunisia,,0.2
1987,Europe,Upper middle income,TUR,Turkey,,2.4
1994,Europe,Upper middle income,TUR,Turkey,,3.2
2002,Europe,Upper middle income,TUR,Turkey,,2.5
2003,Europe,Upper middle income,TUR,Turkey,,4.2
2004,Europe,Upper middle income,TUR,Turkey,,2.2
2005,Europe,Upper middle income,TUR,Turkey,,2.6
2006,Europe,Upper middle income,TUR,Turkey,,1.9
2007,Europe,Upper middle income,TUR,Turkey,,1.4
2008,Europe,Upper middle income,TUR,Turkey,,0.6
2009,Europe,Upper middle income,TUR,Turkey,,0.9
2010,Europe,Upper middle income,TUR,Turkey,,0.8
2011,Europe,Upper middle income,TUR,Turkey,,0.3
2012,Europe,Upper middle income,TUR,Turkey,,0.3
2013,Europe,Upper middle income,TUR,Turkey,,0.3
2014,Europe,Upper middle income,TUR,Turkey,,0.3
2015,Europe,Upper middle income,TUR,Turkey,,0.3
2016,Europe,Upper middle income,TUR,Turkey,,0.2
2017,Europe,Upper middle income,TUR,Turkey,,0.2
2018,Europe,Upper middle income,TUR,Turkey,,0.1
1998,Europe,Upper middle income,TKM,Turkmenistan,,51.4
2010,Western Pacific,Upper middle income,TUV,Tuvalu,,3.3
1989,Africa,Low income,UGA,Uganda,,57.7
1992,Africa,Low income,UGA,Uganda,,63.8
1996,Africa,Low income,UGA,Uganda,,62.6
1999,Africa,Low income,UGA,Uganda,,66.9
2002,Africa,Low income,UGA,Uganda,,65.1
2005,Africa,Low income,UGA,Uganda,,56.4
2009,Africa,Low income,UGA,Uganda,,44.6
2012,Africa,Low income,UGA,Uganda,,35.9
2016,Africa,Low income,UGA,Uganda,,41.7
1992,Europe,Lower middle income,UKR,Ukraine,,3
1993,Europe,Lower middle income,UKR,Ukraine,,1.3
1995,Europe,Lower middle income,UKR,Ukraine,,5.4
1996,Europe,Lower middle income,UKR,Ukraine,,5.4
2002,Europe,Lower middle income,UKR,Ukraine,,1.7
2003,Europe,Lower middle income,UKR,Ukraine,,0.6
2004,Europe,Lower middle income,UKR,Ukraine,,0.6
2005,Europe,Lower middle income,UKR,Ukraine,,0.3
2006,Europe,Lower middle income,UKR,Ukraine,,0.1
2007,Europe,Lower middle income,UKR,Ukraine,,0.1
2008,Europe,Lower middle income,UKR,Ukraine,,0
2009,Europe,Lower middle income,UKR,Ukraine,,0.1
2010,Europe,Lower middle income,UKR,Ukraine,,0
2011,Europe,Lower middle income,UKR,Ukraine,,0
2012,Europe,Lower middle income,UKR,Ukraine,,0
2013,Europe,Lower middle income,UKR,Ukraine,,0
2014,Europe,Lower middle income,UKR,Ukraine,,0
2015,Europe,Lower middle income,UKR,Ukraine,,0.1
2016,Europe,Lower middle income,UKR,Ukraine,,0.1
2017,Europe,Lower middle income,UKR,Ukraine,,0
2018,Europe,Lower middle income,UKR,Ukraine,,0
1974,Europe,High income,GBR,United Kingdom of Great Britain and Northern Ireland,,0.2
1979,Europe,High income,GBR,United Kingdom of Great Britain and Northern Ireland,,0.2
1986,Europe,High income,GBR,United Kingdom of Great Britain and Northern Ireland,,0.7
1991,Europe,High income,GBR,United Kingdom of Great Britain and Northern Ireland,,0.2
1994,Europe,High income,GBR,United Kingdom of Great Britain and Northern Ireland,,0.2
1995,Europe,High income,GBR,United Kingdom of Great Britain and Northern Ireland,,0.7
1999,Europe,High income,GBR,United Kingdom of Great Britain and Northern Ireland,,0.2
2004,Europe,High income,GBR,United Kingdom of Great Britain and Northern Ireland,,0.4
2005,Europe,High income,GBR,United Kingdom of Great Britain and Northern Ireland,,0.5
2006,Europe,High income,GBR,United Kingdom of Great Britain and Northern Ireland,,0.2
2007,Europe,High income,GBR,United Kingdom of Great Britain and Northern Ireland,,0.3
2008,Europe,High income,GBR,United Kingdom of Great Britain and Northern Ireland,,0.3
2009,Europe,High income,GBR,United Kingdom of Great Britain and Northern Ireland,,0.2
2010,Europe,High income,GBR,United Kingdom of Great Britain and Northern Ireland,,0.1
2011,Europe,High income,GBR,United Kingdom of Great Britain and Northern Ireland,,0.4
2012,Europe,High income,GBR,United Kingdom of Great Britain and Northern Ireland,,0.2
2013,Europe,High income,GBR,United Kingdom of Great Britain and Northern Ireland,,0.2
2014,Europe,High income,GBR,United Kingdom of Great Britain and Northern Ireland,,0.2
2015,Europe,High income,GBR,United Kingdom of Great Britain and Northern Ireland,,0.1
2016,Europe,High income,GBR,United Kingdom of Great Britain and Northern Ireland,,0.2
1991,Africa,Low income,TZA,United Republic of Tanzania,,72.1
2000,Africa,Low income,TZA,United Republic of Tanzania,,86
2007,Africa,Low income,TZA,United Republic of Tanzania,,59.9
2011,Africa,Low income,TZA,United Republic of Tanzania,,49.1
2017,Africa,Low income,TZA,United Republic of Tanzania,,49.1
1974,Americas,High income,USA,United States of America,,0.5
1979,Americas,High income,USA,United States of America,,0.5
1986,Americas,High income,USA,United States of America,,0.5
1991,Americas,High income,USA,United States of America,,0.5
1994,Americas,High income,USA,United States of America,,0.7
1997,Americas,High income,USA,United States of America,,0.7
2000,Americas,High income,USA,United States of America,,0.7
2004,Americas,High income,USA,United States of America,,1
2007,Americas,High income,USA,United States of America,,1
2010,Americas,High income,USA,United States of America,,1
2013,Americas,High income,USA,United States of America,,1
2016,Americas,High income,USA,United States of America,,1.2
1981,Americas,High income,URY,Uruguay,,0
1989,Americas,High income,URY,Uruguay,,0.6
1992,Americas,High income,URY,Uruguay,,0.5
1995,Americas,High income,URY,Uruguay,,0.7
1996,Americas,High income,URY,Uruguay,,0.8
1997,Americas,High income,URY,Uruguay,,0.7
1998,Americas,High income,URY,Uruguay,,0.9
2000,Americas,High income,URY,Uruguay,,0.4
2001,Americas,High income,URY,Uruguay,,0.4
2002,Americas,High income,URY,Uruguay,,0.5
2003,Americas,High income,URY,Uruguay,,0.7
2004,Americas,High income,URY,Uruguay,,0.7
2005,Americas,High income,URY,Uruguay,,0.7
2006,Americas,High income,URY,Uruguay,,0.4
2007,Americas,High income,URY,Uruguay,,0.3
2008,Americas,High income,URY,Uruguay,,0.2
2009,Americas,High income,URY,Uruguay,,0.2
2010,Americas,High income,URY,Uruguay,,0.1
2011,Americas,High income,URY,Uruguay,,0.1
2012,Americas,High income,URY,Uruguay,,0.1
2013,Americas,High income,URY,Uruguay,,0.2
2014,Americas,High income,URY,Uruguay,,0.1
2015,Americas,High income,URY,Uruguay,,0.1
2016,Americas,High income,URY,Uruguay,,0.1
2017,Americas,High income,URY,Uruguay,,0.1
2018,Americas,High income,URY,Uruguay,,0.1
1998,Europe,Lower middle income,UZB,Uzbekistan,,40.2
2000,Europe,Lower middle income,UZB,Uzbekistan,,62
2002,Europe,Lower middle income,UZB,Uzbekistan,,58.2
2003,Europe,Lower middle income,UZB,Uzbekistan,,62.1
2010,Western Pacific,Lower middle income,VUT,Vanuatu,,13.2
1981,Americas,Upper middle income,VEN,Venezuela (Bolivarian Republic of),,5.8
1987,Americas,Upper middle income,VEN,Venezuela (Bolivarian Republic of),,6.1
1989,Americas,Upper middle income,VEN,Venezuela (Bolivarian Republic of),,7.4
1992,Americas,Upper middle income,VEN,Venezuela (Bolivarian Republic of),,4.8
1995,Americas,Upper middle income,VEN,Venezuela (Bolivarian Republic of),,10.4
1998,Americas,Upper middle income,VEN,Venezuela (Bolivarian Republic of),,12.8
1999,Americas,Upper middle income,VEN,Venezuela (Bolivarian Republic of),,12
2001,Americas,Upper middle income,VEN,Venezuela (Bolivarian Republic of),,11
2002,Americas,Upper middle income,VEN,Venezuela (Bolivarian Republic of),,18.2
2003,Americas,Upper middle income,VEN,Venezuela (Bolivarian Republic of),,22.7
2004,Americas,Upper middle income,VEN,Venezuela (Bolivarian Republic of),,19.8
2005,Americas,Upper middle income,VEN,Venezuela (Bolivarian Republic of),,18.9
2006,Americas,Upper middle income,VEN,Venezuela (Bolivarian Republic of),,10.2
1992,Western Pacific,Lower middle income,VNM,Viet Nam,,52.9
1998,Western Pacific,Lower middle income,VNM,Viet Nam,,35.5
2002,Western Pacific,Lower middle income,VNM,Viet Nam,,38
2004,Western Pacific,Lower middle income,VNM,Viet Nam,,26.5
2006,Western Pacific,Lower middle income,VNM,Viet Nam,,19.5
2008,Western Pacific,Lower middle income,VNM,Viet Nam,,14.8
2010,Western Pacific,Lower middle income,VNM,Viet Nam,,4.2
2012,Western Pacific,Lower middle income,VNM,Viet Nam,,2.8
2014,Western Pacific,Lower middle income,VNM,Viet Nam,,2.7
2016,Western Pacific,Lower middle income,VNM,Viet Nam,,2
2018,Western Pacific,Lower middle income,VNM,Viet Nam,,1.9
1998,Eastern Mediterranean,Low income,YEM,Yemen,,7.4
2005,Eastern Mediterranean,Low income,YEM,Yemen,,9.8
2014,Eastern Mediterranean,Low income,YEM,Yemen,,18.8
1991,Africa,Lower middle income,ZMB,Zambia,,54.1
1993,Africa,Lower middle income,ZMB,Zambia,,54.5
1996,Africa,Lower middle income,ZMB,Zambia,,41.7
1998,Africa,Lower middle income,ZMB,Zambia,,42.1
2002,Africa,Lower middle income,ZMB,Zambia,,49.4
2004,Africa,Lower middle income,ZMB,Zambia,,56.7
2006,Africa,Lower middle income,ZMB,Zambia,,60.5
2010,Africa,Lower middle income,ZMB,Zambia,,64.4
2015,Africa,Lower middle income,ZMB,Zambia,,57.5
2011,Africa,Low income,ZWE,Zimbabwe,,21.4
2017,Africa,Low income,ZWE,Zimbabwe,,33.9
,,,,,,
